"date","Month","Day","Ozone","Solar.R","Wind","Temp"
"1973-05-01",5,1,41,190,7.4,67
"1973-05-02",5,2,36,118,8,72
"1973-05-03",5,3,12,149,12.6,74
"1973-05-04",5,4,18,313,11.5,62
"1973-05-05",5,5,,,14.3,56
"1973-05-06",5,6,28,,14.9,66
"1973-05-07",5,7,23,299,8.6,65
"1973-05-08",5,8,19,99,13.8,59
"1973-05-09",5,9,8,19,20.1,61
"1973-05-10",5,10,,194,8.6,69
"1973-05-11",5,11,7,,6.9,74
"1973-05-12",5,12,16,256,9.7,69
"1973-05-13",5,13,11,290,9.2,66
"1973-05-14",5,14,14,274,10.9,68
"1973-05-15",5,15,18,65,13.2,58
"1973-05-16",5,16,14,334,11.5,64
"1973-05-17",5,17,34,307,12,66
"1973-05-18",5,18,6,78,18.4,57
"1973-05-19",5,19,30,322,11.5,68
"1973-05-20",5,20,11,44,9.7,62
"1973-05-21",5,21,1,8,9.7,59
"1973-05-22",5,22,11,320,16.6,73
"1973-05-23",5,23,4,25,9.7,61
"1973-05-24",5,24,32,92,12,61
"1973-05-25",5,25,,66,16.6,57
"1973-05-26",5,26,,266,14.9,58
"1973-05-27",5,27,,,8,57
"1973-05-28",5,28,23,13,12,67
"1973-05-29",5,29,45,252,14.9,81
"1973-05-30",5,30,115,223,5.7,79
"1973-05-31",5,31,37,279,7.4,76
"1973-06-01",6,1,,286,8.6,78
"1973-06-02",6,2,,287,9.7,74
"1973-06-03",6,3,,242,16.1,67
"1973-06-04",6,4,,186,9.2,84
"1973-06-05",6,5,,220,8.6,85
"1973-06-06",6,6,,264,14.3,79
"1973-06-07",6,7,29,127,9.7,82
"1973-06-08",6,8,,273,6.9,87
"1973-06-09",6,9,71,291,13.8,90
"1973-06-10",6,10,39,323,11.5,87
"1973-06-11",6,11,,259,10.9,93
"1973-06-12",6,12,,250,9.2,92
"1973-06-13",6,13,23,148,8,82
"1973-06-14",6,14,,332,13.8,80
"1973-06-15",6,15,,322,11.5,79
"1973-06-16",6,16,21,191,14.9,77
"1973-06-17",6,17,37,284,20.7,72
"1973-06-18",6,18,20,37,9.2,65
"1973-06-19",6,19,12,120,11.5,73
"1973-06-20",6,20,13,137,10.3,76
"1973-06-21",6,21,,150,6.3,77
"1973-06-22",6,22,,59,1.7,76
"1973-06-23",6,23,,91,4.6,76
"1973-06-24",6,24,,250,6.3,76
"1973-06-25",6,25,,135,8,75
"1973-06-26",6,26,,127,8,78
"1973-06-27",6,27,,47,10.3,73
"1973-06-28",6,28,,98,11.5,80
"1973-06-29",6,29,,31,14.9,77
"1973-06-30",6,30,,138,8,83
"1973-07-01",7,1,135,269,4.1,84
"1973-07-02",7,2,49,248,9.2,85
"1973-07-03",7,3,32,236,9.2,81
"1973-07-04",7,4,,101,10.9,84
"1973-07-05",7,5,64,175,4.6,83
"1973-07-06",7,6,40,314,10.9,83
"1973-07-07",7,7,77,276,5.1,88
"1973-07-08",7,8,97,267,6.3,92
"1973-07-09",7,9,97,272,5.7,92
"1973-07-10",7,10,85,175,7.4,89
"1973-07-11",7,11,,139,8.6,82
"1973-07-12",7,12,10,264,14.3,73
"1973-07-13",7,13,27,175,14.9,81
"1973-07-14",7,14,,291,14.9,91
"1973-07-15",7,15,7,48,14.3,80
"1973-07-16",7,16,48,260,6.9,81
"1973-07-17",7,17,35,274,10.3,82
"1973-07-18",7,18,61,285,6.3,84
"1973-07-19",7,19,79,187,5.1,87
"1973-07-20",7,20,63,220,11.5,85
"1973-07-21",7,21,16,7,6.9,74
"1973-07-22",7,22,,258,9.7,81
"1973-07-23",7,23,,295,11.5,82
"1973-07-24",7,24,80,294,8.6,86
"1973-07-25",7,25,108,223,8,85
"1973-07-26",7,26,20,81,8.6,82
"1973-07-27",7,27,52,82,12,86
"1973-07-28",7,28,82,213,7.4,88
"1973-07-29",7,29,50,275,7.4,86
"1973-07-30",7,30,64,253,7.4,83
"1973-07-31",7,31,59,254,9.2,81
"1973-08-01",8,1,39,83,6.9,81
"1973-08-02",8,2,9,24,13.8,81
"1973-08-03",8,3,16,77,7.4,82
"1973-08-04",8,4,78,,6.9,86
"1973-08-05",8,5,35,,7.4,85
"1973-08-06",8,6,66,,4.6,87
"1973-08-07",8,7,122,255,4,89
"1973-08-08",8,8,89,229,10.3,90
"1973-08-09",8,9,110,207,8,90
"1973-08-10",8,10,,222,8.6,92
"1973-08-11",8,11,,137,11.5,86
"1973-08-12",8,12,44,192,11.5,86
"1973-08-13",8,13,28,273,11.5,82
"1973-08-14",8,14,65,157,9.7,80
"1973-08-15",8,15,,64,11.5,79
"1973-08-16",8,16,22,71,10.3,77
"1973-08-17",8,17,59,51,6.3,79
"1973-08-18",8,18,23,115,7.4,76
"1973-08-19",8,19,31,244,10.9,78
"1973-08-20",8,20,44,190,10.3,78
"1973-08-21",8,21,21,259,15.5,77
"1973-08-22",8,22,9,36,14.3,72
"1973-08-23",8,23,,255,12.6,75
"1973-08-24",8,24,45,212,9.7,79
"1973-08-25",8,25,168,238,3.4,81
"1973-08-26",8,26,73,215,8,86
"1973-08-27",8,27,,153,5.7,88
"1973-08-28",8,28,76,203,9.7,97
"1973-08-29",8,29,118,225,2.3,94
"1973-08-30",8,30,84,237,6.3,96
"1973-08-31",8,31,85,188,6.3,94
"1973-09-01",9,1,96,167,6.9,91
"1973-09-02",9,2,78,197,5.1,92
"1973-09-03",9,3,73,183,2.8,93
"1973-09-04",9,4,91,189,4.6,93
"1973-09-05",9,5,47,95,7.4,87
"1973-09-06",9,6,32,92,15.5,84
"1973-09-07",9,7,20,252,10.9,80
"1973-09-08",9,8,23,220,10.3,78
"1973-09-09",9,9,21,230,10.9,75
"1973-09-10",9,10,24,259,9.7,73
"1973-09-11",9,11,44,236,14.9,81
"1973-09-12",9,12,21,259,15.5,76
"1973-09-13",9,13,28,238,6.3,77
"1973-09-14",9,14,9,24,10.9,71
"1973-09-15",9,15,13,112,11.5,71
"1973-09-16",9,16,46,237,6.9,78
"1973-09-17",9,17,18,224,13.8,67
"1973-09-18",9,18,13,27,10.3,76
"1973-09-19",9,19,24,238,10.3,68
"1973-09-20",9,20,16,201,8,82
"1973-09-21",9,21,13,238,12.6,64
"1973-09-22",9,22,23,14,9.2,71
"1973-09-23",9,23,36,139,10.3,81
"1973-09-24",9,24,7,49,10.3,69
"1973-09-25",9,25,14,20,16.6,63
"1973-09-26",9,26,30,193,6.9,70
"1973-09-27",9,27,,145,13.2,77
"1973-09-28",9,28,14,191,14.3,75
"1973-09-29",9,29,18,131,8,76
"1973-09-30",9,30,20,223,11.5,68
