"set","observation","x","y"
"1",1,10,8.04
"1",2,8,6.95
"1",3,13,7.58
"1",4,9,8.81
"1",5,11,8.33
"1",6,14,9.96
"1",7,6,7.24
"1",8,4,4.26
"1",9,12,10.84
"1",10,7,4.82
"1",11,5,5.68
"2",1,10,9.14
"2",2,8,8.14
"2",3,13,8.74
"2",4,9,8.77
"2",5,11,9.26
"2",6,14,8.1
"2",7,6,6.13
"2",8,4,3.1
"2",9,12,9.13
"2",10,7,7.26
"2",11,5,4.74
"3",1,10,7.46
"3",2,8,6.77
"3",3,13,12.74
"3",4,9,7.11
"3",5,11,7.81
"3",6,14,8.84
"3",7,6,6.08
"3",8,4,5.39
"3",9,12,8.15
"3",10,7,6.42
"3",11,5,5.73
"4",1,8,6.58
"4",2,8,5.76
"4",3,8,7.71
"4",4,8,8.84
"4",5,8,8.47
"4",6,8,7.04
"4",7,8,5.25
"4",8,19,12.5
"4",9,8,5.56
"4",10,8,7.91
"4",11,8,6.89
