"id","title","category","file","categorical_columns","techniques","source_package","source_url","analysis_objective","citation"
"mtcars","Motor Trend cars","General","mtcars.csv","","descriptives; correlation; one-sample tests; linear and binary models; model comparison; scatterplot; matrix; parallel coordinates; boxplot; histogram; bar chart","datasets","https://stat.ethz.ch/R-manual/R-devel/library/datasets/html/mtcars.html","Explore relations among fuel economy and vehicle design, then compare descriptive and regression views.","Henderson & Velleman (1981), Biometrics 37, 391-411; R datasets: mtcars."
"anscombe","Anscombe's quartet","Linear models","anscombe.csv","set","linear models and diagnostics; grouped scatterplots; Trellis scatterplots","datasets","https://stat.ethz.ch/R-manual/R-devel/library/datasets/html/anscombe.html","Show why plots and diagnostics are essential even when regression summaries are almost identical.","Anscombe (1973), The American Statistician 27, 17-21; R datasets: anscombe."
"airquality","New York air quality","Missing data","airquality.csv","","missing-data overview and imputation; time series; scatterplot; histogram","datasets","https://stat.ethz.ch/R-manual/R-devel/library/datasets/html/airquality.html","Explore environmental time patterns and the consequences of incomplete measurements.","Chambers et al. (1983), Graphical Methods for Data Analysis; R datasets: airquality."
"chickweight","Chick growth","Longitudinal","chickweight.csv","Chick;Diet","time series; Trellis plots; grouped scatterplots; linear models","datasets","https://stat.ethz.ch/R-manual/R-devel/library/datasets/html/ChickWeight.html","Compare individual growth trajectories over time and assess differences among diets.","Crowder & Hand (1990), Analysis of Repeated Measures, Example 5.3; R datasets: ChickWeight."
"iris","Iris flowers","Multivariate","iris.csv","","correlation; PCA/factor analysis; quick cluster; scatterplot matrix; parallel coordinates; grouped plots","datasets","https://stat.ethz.ch/R-manual/R-devel/library/datasets/html/iris.html","Explore multivariate separation of three iris species.","Fisher (1936), Annals of Eugenics 7, 179-188; R datasets: iris."
"sleep_paired","Paired sleep data","Mean comparisons","sleep_paired.csv","","paired-samples tests; histogram; scatterplot","datasets","https://stat.ethz.ch/R-manual/R-devel/library/datasets/html/sleep.html","Estimate the paired change in sleep produced by two drugs.","Cushny & Peebles (1905); Student (1908); R datasets: sleep."
"toothgrowth","Guinea-pig tooth growth","Mean comparisons","toothgrowth.csv","","two-sample tests; one-way ANOVA; factorial linear models; interaction interpretation; boxplot; bar chart; Trellis plots","datasets","https://stat.ethz.ch/R-manual/R-devel/library/datasets/html/ToothGrowth.html","Compare tooth growth across supplement types and vitamin C doses.","Crampton (1947), Journal of Nutrition 33, 491-504; R datasets: ToothGrowth."
"usarrests","US arrests","Multivariate","usarrests.csv","","correlation; PCA/factor analysis; quick cluster; scatterplot matrix; parallel coordinates","datasets","https://stat.ethz.ch/R-manual/R-devel/library/datasets/html/USArrests.html","Explore multivariate differences in violent-crime indicators among US states.","McNeil (1977), Interactive Data Analysis; R datasets: USArrests."
"warpbreaks","Warp breaks","Count models","warpbreaks.csv","","count models: Poisson and negative-binomial; factorial interactions; boxplot; bar chart; Trellis plots","datasets","https://stat.ethz.ch/R-manual/R-devel/library/datasets/html/warpbreaks.html","Model overdispersed counts of loom breaks by wool type and tension.","Tippett (1950), Technological Applications of Statistics; R datasets: warpbreaks."
"titanic","Titanic passengers","Categorical data","titanic.csv","","contingency tables; binary models; interactions; bar charts; Table 1","datasets","https://stat.ethz.ch/R-manual/R-devel/library/datasets/html/Titanic.html","Study associations among passenger class, sex, age, and survival.","Dawson (1995), Journal of Statistics Education 3; R datasets: Titanic."
"school_absence","School absence","Count models","school_absence.csv","","Poisson and negative-binomial models; interactions; boxplot; histogram","MASS","https://search.r-project.org/CRAN/refmans/MASS/html/quine.html","Model counts of school absences from pupil characteristics.","Quine, cited in Aitkin (1978), JRSS A 141, 195-223; MASS: quine."
"insurance_claims","Car insurance claims","Count models","insurance_claims.csv","","Poisson models with an offset; model comparison; categorical predictors","MASS","https://search.r-project.org/CRAN/refmans/MASS/html/Insurance.html","Model insurance claim rates while accounting for the number of exposed policyholders.","Baxter, Coutts & Ross (1980), 21st International Congress of Actuaries; MASS: Insurance."
"gasoline_yield","Gasoline yield","Proportion models","gasoline_yield.csv","batch","beta proportion models; linear models; regression diagnostics; scatterplot","betareg","https://search.r-project.org/CRAN/refmans/betareg/html/GasolineYield.html","Model a bounded gasoline-yield proportion and inspect regression diagnostics.","Prater (1956), Petroleum Refiner 35(5), 236-238; betareg: GasolineYield."
"theoph","Theophylline concentration","Positive continuous models","theoph.csv","subject","positive-continuous models; time series; Trellis plots; grouped scatterplots","datasets","https://stat.ethz.ch/R-manual/R-devel/library/datasets/html/Theoph.html","Describe concentration over time and between-subject pharmacokinetic variation.","Boeckmann, Sheiner & Beal (1994), NONMEM Users Guide; R datasets: Theoph."
"bfi","Big Five personality items","Psychometrics","bfi.csv","","scale analysis; correlation; PCA/factor analysis; missing data; Table 1","psych","https://search.r-project.org/CRAN/refmans/psych/html/bfi.html","Evaluate scale reliability and the five-factor structure of personality items.","Goldberg (1999) and Revelle, Wilt & Rosenthal (2010); psych: bfi."
"nhanes_missing","NHANES with missing values","Missing data","nhanes_missing.csv","","missing-data overview; imputation; descriptives","mice","https://search.r-project.org/CRAN/refmans/mice/html/nhanes.html","Explore missing-data patterns and practice imputation.","Schafer (1997), Analysis of Incomplete Multivariate Data, Table 6.14; mice: nhanes2."
"nhanes_mice","NHANES multiple imputation","Multiple imputation","nhanes_mice.rds","","multiple-imputation analyses, pooled models, diagnostics, plots, and tables","mice","https://search.r-project.org/CRAN/refmans/mice/html/nhanes.html","Fit and diagnose analyses pooled across multiple imputations.","Schafer (1997), Analysis of Incomplete Multivariate Data, Table 6.14; mice: nhanes2."
