"weight","Time","Chick","Diet"
42,0,"1","Diet 1"
51,2,"1","Diet 1"
59,4,"1","Diet 1"
64,6,"1","Diet 1"
76,8,"1","Diet 1"
93,10,"1","Diet 1"
106,12,"1","Diet 1"
125,14,"1","Diet 1"
149,16,"1","Diet 1"
171,18,"1","Diet 1"
199,20,"1","Diet 1"
205,21,"1","Diet 1"
40,0,"2","Diet 1"
49,2,"2","Diet 1"
58,4,"2","Diet 1"
72,6,"2","Diet 1"
84,8,"2","Diet 1"
103,10,"2","Diet 1"
122,12,"2","Diet 1"
138,14,"2","Diet 1"
162,16,"2","Diet 1"
187,18,"2","Diet 1"
209,20,"2","Diet 1"
215,21,"2","Diet 1"
43,0,"3","Diet 1"
39,2,"3","Diet 1"
55,4,"3","Diet 1"
67,6,"3","Diet 1"
84,8,"3","Diet 1"
99,10,"3","Diet 1"
115,12,"3","Diet 1"
138,14,"3","Diet 1"
163,16,"3","Diet 1"
187,18,"3","Diet 1"
198,20,"3","Diet 1"
202,21,"3","Diet 1"
42,0,"4","Diet 1"
49,2,"4","Diet 1"
56,4,"4","Diet 1"
67,6,"4","Diet 1"
74,8,"4","Diet 1"
87,10,"4","Diet 1"
102,12,"4","Diet 1"
108,14,"4","Diet 1"
136,16,"4","Diet 1"
154,18,"4","Diet 1"
160,20,"4","Diet 1"
157,21,"4","Diet 1"
41,0,"5","Diet 1"
42,2,"5","Diet 1"
48,4,"5","Diet 1"
60,6,"5","Diet 1"
79,8,"5","Diet 1"
106,10,"5","Diet 1"
141,12,"5","Diet 1"
164,14,"5","Diet 1"
197,16,"5","Diet 1"
199,18,"5","Diet 1"
220,20,"5","Diet 1"
223,21,"5","Diet 1"
41,0,"6","Diet 1"
49,2,"6","Diet 1"
59,4,"6","Diet 1"
74,6,"6","Diet 1"
97,8,"6","Diet 1"
124,10,"6","Diet 1"
141,12,"6","Diet 1"
148,14,"6","Diet 1"
155,16,"6","Diet 1"
160,18,"6","Diet 1"
160,20,"6","Diet 1"
157,21,"6","Diet 1"
41,0,"7","Diet 1"
49,2,"7","Diet 1"
57,4,"7","Diet 1"
71,6,"7","Diet 1"
89,8,"7","Diet 1"
112,10,"7","Diet 1"
146,12,"7","Diet 1"
174,14,"7","Diet 1"
218,16,"7","Diet 1"
250,18,"7","Diet 1"
288,20,"7","Diet 1"
305,21,"7","Diet 1"
42,0,"8","Diet 1"
50,2,"8","Diet 1"
61,4,"8","Diet 1"
71,6,"8","Diet 1"
84,8,"8","Diet 1"
93,10,"8","Diet 1"
110,12,"8","Diet 1"
116,14,"8","Diet 1"
126,16,"8","Diet 1"
134,18,"8","Diet 1"
125,20,"8","Diet 1"
42,0,"9","Diet 1"
51,2,"9","Diet 1"
59,4,"9","Diet 1"
68,6,"9","Diet 1"
85,8,"9","Diet 1"
96,10,"9","Diet 1"
90,12,"9","Diet 1"
92,14,"9","Diet 1"
93,16,"9","Diet 1"
100,18,"9","Diet 1"
100,20,"9","Diet 1"
98,21,"9","Diet 1"
41,0,"10","Diet 1"
44,2,"10","Diet 1"
52,4,"10","Diet 1"
63,6,"10","Diet 1"
74,8,"10","Diet 1"
81,10,"10","Diet 1"
89,12,"10","Diet 1"
96,14,"10","Diet 1"
101,16,"10","Diet 1"
112,18,"10","Diet 1"
120,20,"10","Diet 1"
124,21,"10","Diet 1"
43,0,"11","Diet 1"
51,2,"11","Diet 1"
63,4,"11","Diet 1"
84,6,"11","Diet 1"
112,8,"11","Diet 1"
139,10,"11","Diet 1"
168,12,"11","Diet 1"
177,14,"11","Diet 1"
182,16,"11","Diet 1"
184,18,"11","Diet 1"
181,20,"11","Diet 1"
175,21,"11","Diet 1"
41,0,"12","Diet 1"
49,2,"12","Diet 1"
56,4,"12","Diet 1"
62,6,"12","Diet 1"
72,8,"12","Diet 1"
88,10,"12","Diet 1"
119,12,"12","Diet 1"
135,14,"12","Diet 1"
162,16,"12","Diet 1"
185,18,"12","Diet 1"
195,20,"12","Diet 1"
205,21,"12","Diet 1"
41,0,"13","Diet 1"
48,2,"13","Diet 1"
53,4,"13","Diet 1"
60,6,"13","Diet 1"
65,8,"13","Diet 1"
67,10,"13","Diet 1"
71,12,"13","Diet 1"
70,14,"13","Diet 1"
71,16,"13","Diet 1"
81,18,"13","Diet 1"
91,20,"13","Diet 1"
96,21,"13","Diet 1"
41,0,"14","Diet 1"
49,2,"14","Diet 1"
62,4,"14","Diet 1"
79,6,"14","Diet 1"
101,8,"14","Diet 1"
128,10,"14","Diet 1"
164,12,"14","Diet 1"
192,14,"14","Diet 1"
227,16,"14","Diet 1"
248,18,"14","Diet 1"
259,20,"14","Diet 1"
266,21,"14","Diet 1"
41,0,"15","Diet 1"
49,2,"15","Diet 1"
56,4,"15","Diet 1"
64,6,"15","Diet 1"
68,8,"15","Diet 1"
68,10,"15","Diet 1"
67,12,"15","Diet 1"
68,14,"15","Diet 1"
41,0,"16","Diet 1"
45,2,"16","Diet 1"
49,4,"16","Diet 1"
51,6,"16","Diet 1"
57,8,"16","Diet 1"
51,10,"16","Diet 1"
54,12,"16","Diet 1"
42,0,"17","Diet 1"
51,2,"17","Diet 1"
61,4,"17","Diet 1"
72,6,"17","Diet 1"
83,8,"17","Diet 1"
89,10,"17","Diet 1"
98,12,"17","Diet 1"
103,14,"17","Diet 1"
113,16,"17","Diet 1"
123,18,"17","Diet 1"
133,20,"17","Diet 1"
142,21,"17","Diet 1"
39,0,"18","Diet 1"
35,2,"18","Diet 1"
43,0,"19","Diet 1"
48,2,"19","Diet 1"
55,4,"19","Diet 1"
62,6,"19","Diet 1"
65,8,"19","Diet 1"
71,10,"19","Diet 1"
82,12,"19","Diet 1"
88,14,"19","Diet 1"
106,16,"19","Diet 1"
120,18,"19","Diet 1"
144,20,"19","Diet 1"
157,21,"19","Diet 1"
41,0,"20","Diet 1"
47,2,"20","Diet 1"
54,4,"20","Diet 1"
58,6,"20","Diet 1"
65,8,"20","Diet 1"
73,10,"20","Diet 1"
77,12,"20","Diet 1"
89,14,"20","Diet 1"
98,16,"20","Diet 1"
107,18,"20","Diet 1"
115,20,"20","Diet 1"
117,21,"20","Diet 1"
40,0,"21","Diet 2"
50,2,"21","Diet 2"
62,4,"21","Diet 2"
86,6,"21","Diet 2"
125,8,"21","Diet 2"
163,10,"21","Diet 2"
217,12,"21","Diet 2"
240,14,"21","Diet 2"
275,16,"21","Diet 2"
307,18,"21","Diet 2"
318,20,"21","Diet 2"
331,21,"21","Diet 2"
41,0,"22","Diet 2"
55,2,"22","Diet 2"
64,4,"22","Diet 2"
77,6,"22","Diet 2"
90,8,"22","Diet 2"
95,10,"22","Diet 2"
108,12,"22","Diet 2"
111,14,"22","Diet 2"
131,16,"22","Diet 2"
148,18,"22","Diet 2"
164,20,"22","Diet 2"
167,21,"22","Diet 2"
43,0,"23","Diet 2"
52,2,"23","Diet 2"
61,4,"23","Diet 2"
73,6,"23","Diet 2"
90,8,"23","Diet 2"
103,10,"23","Diet 2"
127,12,"23","Diet 2"
135,14,"23","Diet 2"
145,16,"23","Diet 2"
163,18,"23","Diet 2"
170,20,"23","Diet 2"
175,21,"23","Diet 2"
42,0,"24","Diet 2"
52,2,"24","Diet 2"
58,4,"24","Diet 2"
74,6,"24","Diet 2"
66,8,"24","Diet 2"
68,10,"24","Diet 2"
70,12,"24","Diet 2"
71,14,"24","Diet 2"
72,16,"24","Diet 2"
72,18,"24","Diet 2"
76,20,"24","Diet 2"
74,21,"24","Diet 2"
40,0,"25","Diet 2"
49,2,"25","Diet 2"
62,4,"25","Diet 2"
78,6,"25","Diet 2"
102,8,"25","Diet 2"
124,10,"25","Diet 2"
146,12,"25","Diet 2"
164,14,"25","Diet 2"
197,16,"25","Diet 2"
231,18,"25","Diet 2"
259,20,"25","Diet 2"
265,21,"25","Diet 2"
42,0,"26","Diet 2"
48,2,"26","Diet 2"
57,4,"26","Diet 2"
74,6,"26","Diet 2"
93,8,"26","Diet 2"
114,10,"26","Diet 2"
136,12,"26","Diet 2"
147,14,"26","Diet 2"
169,16,"26","Diet 2"
205,18,"26","Diet 2"
236,20,"26","Diet 2"
251,21,"26","Diet 2"
39,0,"27","Diet 2"
46,2,"27","Diet 2"
58,4,"27","Diet 2"
73,6,"27","Diet 2"
87,8,"27","Diet 2"
100,10,"27","Diet 2"
115,12,"27","Diet 2"
123,14,"27","Diet 2"
144,16,"27","Diet 2"
163,18,"27","Diet 2"
185,20,"27","Diet 2"
192,21,"27","Diet 2"
39,0,"28","Diet 2"
46,2,"28","Diet 2"
58,4,"28","Diet 2"
73,6,"28","Diet 2"
92,8,"28","Diet 2"
114,10,"28","Diet 2"
145,12,"28","Diet 2"
156,14,"28","Diet 2"
184,16,"28","Diet 2"
207,18,"28","Diet 2"
212,20,"28","Diet 2"
233,21,"28","Diet 2"
39,0,"29","Diet 2"
48,2,"29","Diet 2"
59,4,"29","Diet 2"
74,6,"29","Diet 2"
87,8,"29","Diet 2"
106,10,"29","Diet 2"
134,12,"29","Diet 2"
150,14,"29","Diet 2"
187,16,"29","Diet 2"
230,18,"29","Diet 2"
279,20,"29","Diet 2"
309,21,"29","Diet 2"
42,0,"30","Diet 2"
48,2,"30","Diet 2"
59,4,"30","Diet 2"
72,6,"30","Diet 2"
85,8,"30","Diet 2"
98,10,"30","Diet 2"
115,12,"30","Diet 2"
122,14,"30","Diet 2"
143,16,"30","Diet 2"
151,18,"30","Diet 2"
157,20,"30","Diet 2"
150,21,"30","Diet 2"
42,0,"31","Diet 3"
53,2,"31","Diet 3"
62,4,"31","Diet 3"
73,6,"31","Diet 3"
85,8,"31","Diet 3"
102,10,"31","Diet 3"
123,12,"31","Diet 3"
138,14,"31","Diet 3"
170,16,"31","Diet 3"
204,18,"31","Diet 3"
235,20,"31","Diet 3"
256,21,"31","Diet 3"
41,0,"32","Diet 3"
49,2,"32","Diet 3"
65,4,"32","Diet 3"
82,6,"32","Diet 3"
107,8,"32","Diet 3"
129,10,"32","Diet 3"
159,12,"32","Diet 3"
179,14,"32","Diet 3"
221,16,"32","Diet 3"
263,18,"32","Diet 3"
291,20,"32","Diet 3"
305,21,"32","Diet 3"
39,0,"33","Diet 3"
50,2,"33","Diet 3"
63,4,"33","Diet 3"
77,6,"33","Diet 3"
96,8,"33","Diet 3"
111,10,"33","Diet 3"
137,12,"33","Diet 3"
144,14,"33","Diet 3"
151,16,"33","Diet 3"
146,18,"33","Diet 3"
156,20,"33","Diet 3"
147,21,"33","Diet 3"
41,0,"34","Diet 3"
49,2,"34","Diet 3"
63,4,"34","Diet 3"
85,6,"34","Diet 3"
107,8,"34","Diet 3"
134,10,"34","Diet 3"
164,12,"34","Diet 3"
186,14,"34","Diet 3"
235,16,"34","Diet 3"
294,18,"34","Diet 3"
327,20,"34","Diet 3"
341,21,"34","Diet 3"
41,0,"35","Diet 3"
53,2,"35","Diet 3"
64,4,"35","Diet 3"
87,6,"35","Diet 3"
123,8,"35","Diet 3"
158,10,"35","Diet 3"
201,12,"35","Diet 3"
238,14,"35","Diet 3"
287,16,"35","Diet 3"
332,18,"35","Diet 3"
361,20,"35","Diet 3"
373,21,"35","Diet 3"
39,0,"36","Diet 3"
48,2,"36","Diet 3"
61,4,"36","Diet 3"
76,6,"36","Diet 3"
98,8,"36","Diet 3"
116,10,"36","Diet 3"
145,12,"36","Diet 3"
166,14,"36","Diet 3"
198,16,"36","Diet 3"
227,18,"36","Diet 3"
225,20,"36","Diet 3"
220,21,"36","Diet 3"
41,0,"37","Diet 3"
48,2,"37","Diet 3"
56,4,"37","Diet 3"
68,6,"37","Diet 3"
80,8,"37","Diet 3"
83,10,"37","Diet 3"
103,12,"37","Diet 3"
112,14,"37","Diet 3"
135,16,"37","Diet 3"
157,18,"37","Diet 3"
169,20,"37","Diet 3"
178,21,"37","Diet 3"
41,0,"38","Diet 3"
49,2,"38","Diet 3"
61,4,"38","Diet 3"
74,6,"38","Diet 3"
98,8,"38","Diet 3"
109,10,"38","Diet 3"
128,12,"38","Diet 3"
154,14,"38","Diet 3"
192,16,"38","Diet 3"
232,18,"38","Diet 3"
280,20,"38","Diet 3"
290,21,"38","Diet 3"
42,0,"39","Diet 3"
50,2,"39","Diet 3"
61,4,"39","Diet 3"
78,6,"39","Diet 3"
89,8,"39","Diet 3"
109,10,"39","Diet 3"
130,12,"39","Diet 3"
146,14,"39","Diet 3"
170,16,"39","Diet 3"
214,18,"39","Diet 3"
250,20,"39","Diet 3"
272,21,"39","Diet 3"
41,0,"40","Diet 3"
55,2,"40","Diet 3"
66,4,"40","Diet 3"
79,6,"40","Diet 3"
101,8,"40","Diet 3"
120,10,"40","Diet 3"
154,12,"40","Diet 3"
182,14,"40","Diet 3"
215,16,"40","Diet 3"
262,18,"40","Diet 3"
295,20,"40","Diet 3"
321,21,"40","Diet 3"
42,0,"41","Diet 4"
51,2,"41","Diet 4"
66,4,"41","Diet 4"
85,6,"41","Diet 4"
103,8,"41","Diet 4"
124,10,"41","Diet 4"
155,12,"41","Diet 4"
153,14,"41","Diet 4"
175,16,"41","Diet 4"
184,18,"41","Diet 4"
199,20,"41","Diet 4"
204,21,"41","Diet 4"
42,0,"42","Diet 4"
49,2,"42","Diet 4"
63,4,"42","Diet 4"
84,6,"42","Diet 4"
103,8,"42","Diet 4"
126,10,"42","Diet 4"
160,12,"42","Diet 4"
174,14,"42","Diet 4"
204,16,"42","Diet 4"
234,18,"42","Diet 4"
269,20,"42","Diet 4"
281,21,"42","Diet 4"
42,0,"43","Diet 4"
55,2,"43","Diet 4"
69,4,"43","Diet 4"
96,6,"43","Diet 4"
131,8,"43","Diet 4"
157,10,"43","Diet 4"
184,12,"43","Diet 4"
188,14,"43","Diet 4"
197,16,"43","Diet 4"
198,18,"43","Diet 4"
199,20,"43","Diet 4"
200,21,"43","Diet 4"
42,0,"44","Diet 4"
51,2,"44","Diet 4"
65,4,"44","Diet 4"
86,6,"44","Diet 4"
103,8,"44","Diet 4"
118,10,"44","Diet 4"
127,12,"44","Diet 4"
138,14,"44","Diet 4"
145,16,"44","Diet 4"
146,18,"44","Diet 4"
41,0,"45","Diet 4"
50,2,"45","Diet 4"
61,4,"45","Diet 4"
78,6,"45","Diet 4"
98,8,"45","Diet 4"
117,10,"45","Diet 4"
135,12,"45","Diet 4"
141,14,"45","Diet 4"
147,16,"45","Diet 4"
174,18,"45","Diet 4"
197,20,"45","Diet 4"
196,21,"45","Diet 4"
40,0,"46","Diet 4"
52,2,"46","Diet 4"
62,4,"46","Diet 4"
82,6,"46","Diet 4"
101,8,"46","Diet 4"
120,10,"46","Diet 4"
144,12,"46","Diet 4"
156,14,"46","Diet 4"
173,16,"46","Diet 4"
210,18,"46","Diet 4"
231,20,"46","Diet 4"
238,21,"46","Diet 4"
41,0,"47","Diet 4"
53,2,"47","Diet 4"
66,4,"47","Diet 4"
79,6,"47","Diet 4"
100,8,"47","Diet 4"
123,10,"47","Diet 4"
148,12,"47","Diet 4"
157,14,"47","Diet 4"
168,16,"47","Diet 4"
185,18,"47","Diet 4"
210,20,"47","Diet 4"
205,21,"47","Diet 4"
39,0,"48","Diet 4"
50,2,"48","Diet 4"
62,4,"48","Diet 4"
80,6,"48","Diet 4"
104,8,"48","Diet 4"
125,10,"48","Diet 4"
154,12,"48","Diet 4"
170,14,"48","Diet 4"
222,16,"48","Diet 4"
261,18,"48","Diet 4"
303,20,"48","Diet 4"
322,21,"48","Diet 4"
40,0,"49","Diet 4"
53,2,"49","Diet 4"
64,4,"49","Diet 4"
85,6,"49","Diet 4"
108,8,"49","Diet 4"
128,10,"49","Diet 4"
152,12,"49","Diet 4"
166,14,"49","Diet 4"
184,16,"49","Diet 4"
203,18,"49","Diet 4"
233,20,"49","Diet 4"
237,21,"49","Diet 4"
41,0,"50","Diet 4"
54,2,"50","Diet 4"
67,4,"50","Diet 4"
84,6,"50","Diet 4"
105,8,"50","Diet 4"
122,10,"50","Diet 4"
155,12,"50","Diet 4"
175,14,"50","Diet 4"
205,16,"50","Diet 4"
234,18,"50","Diet 4"
264,20,"50","Diet 4"
264,21,"50","Diet 4"
