"district","car_group","age_group","holders","claims","log_holders"
"1","<1l","<25",197,38,5.28320372873799
"1","<1l","25-29",264,35,5.57594910314632
"1","<1l","30-35",246,20,5.50533153593236
"1","<1l",">35",1680,156,7.4265490723973
"1","1-1.5l","<25",284,63,5.64897423816121
"1","1-1.5l","25-29",536,84,6.2841341610708
"1","1-1.5l","30-35",696,89,6.54534966033442
"1","1-1.5l",">35",3582,400,8.18367658262066
"1","1.5-2l","<25",133,19,4.89034912822175
"1","1.5-2l","25-29",286,52,5.65599181081985
"1","1.5-2l","30-35",355,74,5.87211778947542
"1","1.5-2l",">35",1640,233,7.40245152081824
"1",">2l","<25",24,4,3.17805383034795
"1",">2l","25-29",71,18,4.26267987704132
"1",">2l","30-35",99,19,4.59511985013459
"1",">2l",">35",452,77,6.11368217983223
"2","<1l","<25",85,22,4.44265125649032
"2","<1l","25-29",139,19,4.93447393313069
"2","<1l","30-35",151,22,5.01727983681492
"2","<1l",">35",931,87,6.83625927727707
"2","1-1.5l","<25",149,25,5.00394630594546
"2","1-1.5l","25-29",313,51,5.74620319054015
"2","1-1.5l","30-35",419,49,6.03787091992214
"2","1-1.5l",">35",2443,290,7.80098207125774
"2","1.5-2l","<25",66,14,4.18965474202643
"2","1.5-2l","25-29",175,46,5.16478597392351
"2","1.5-2l","30-35",221,39,5.39816270151775
"2","1.5-2l",">35",1110,143,7.01211529430638
"2",">2l","<25",9,4,2.19722457733622
"2",">2l","25-29",48,15,3.87120101090789
"2",">2l","30-35",72,12,4.27666611901606
"2",">2l",">35",322,53,5.77455154554441
"3","<1l","<25",35,5,3.55534806148941
"3","<1l","25-29",73,11,4.29045944114839
"3","<1l","30-35",89,10,4.48863636973214
"3","<1l",">35",648,67,6.47389069635227
"3","1-1.5l","<25",53,10,3.97029191355212
"3","1-1.5l","25-29",155,24,5.04342511691925
"3","1-1.5l","30-35",240,37,5.48063892334199
"3","1-1.5l",">35",1635,187,7.39939808333135
"3","1.5-2l","<25",24,8,3.17805383034795
"3","1.5-2l","25-29",78,19,4.35670882668959
"3","1.5-2l","30-35",121,24,4.79579054559674
"3","1.5-2l",">35",692,101,6.53958595561767
"3",">2l","<25",7,3,1.94591014905531
"3",">2l","25-29",29,2,3.36729582998647
"3",">2l","30-35",43,8,3.76120011569356
"3",">2l",">35",245,37,5.50125821054473
"4","<1l","<25",20,2,2.99573227355399
"4","<1l","25-29",33,5,3.49650756146648
"4","<1l","30-35",40,4,3.68887945411394
"4","<1l",">35",316,36,5.75574221358691
"4","1-1.5l","<25",31,7,3.43398720448515
"4","1-1.5l","25-29",81,10,4.39444915467244
"4","1-1.5l","30-35",122,22,4.80402104473326
"4","1-1.5l",">35",724,102,6.58479139238572
"4","1.5-2l","<25",18,5,2.89037175789616
"4","1.5-2l","25-29",39,7,3.66356164612965
"4","1.5-2l","30-35",68,16,4.21950770517611
"4","1.5-2l",">35",344,63,5.8406416573734
"4",">2l","<25",3,0,1.09861228866811
"4",">2l","25-29",16,6,2.77258872223978
"4",">2l","30-35",25,8,3.2188758248682
"4",">2l",">35",114,33,4.7361984483945
