"specimen","Sepal.Length","Sepal.Width","Petal.Length","Petal.Width","Species"
"I001",5.1,3.5,1.4,0.2,"setosa"
"I002",4.9,3,1.4,0.2,"setosa"
"I003",4.7,3.2,1.3,0.2,"setosa"
"I004",4.6,3.1,1.5,0.2,"setosa"
"I005",5,3.6,1.4,0.2,"setosa"
"I006",5.4,3.9,1.7,0.4,"setosa"
"I007",4.6,3.4,1.4,0.3,"setosa"
"I008",5,3.4,1.5,0.2,"setosa"
"I009",4.4,2.9,1.4,0.2,"setosa"
"I010",4.9,3.1,1.5,0.1,"setosa"
"I011",5.4,3.7,1.5,0.2,"setosa"
"I012",4.8,3.4,1.6,0.2,"setosa"
"I013",4.8,3,1.4,0.1,"setosa"
"I014",4.3,3,1.1,0.1,"setosa"
"I015",5.8,4,1.2,0.2,"setosa"
"I016",5.7,4.4,1.5,0.4,"setosa"
"I017",5.4,3.9,1.3,0.4,"setosa"
"I018",5.1,3.5,1.4,0.3,"setosa"
"I019",5.7,3.8,1.7,0.3,"setosa"
"I020",5.1,3.8,1.5,0.3,"setosa"
"I021",5.4,3.4,1.7,0.2,"setosa"
"I022",5.1,3.7,1.5,0.4,"setosa"
"I023",4.6,3.6,1,0.2,"setosa"
"I024",5.1,3.3,1.7,0.5,"setosa"
"I025",4.8,3.4,1.9,0.2,"setosa"
"I026",5,3,1.6,0.2,"setosa"
"I027",5,3.4,1.6,0.4,"setosa"
"I028",5.2,3.5,1.5,0.2,"setosa"
"I029",5.2,3.4,1.4,0.2,"setosa"
"I030",4.7,3.2,1.6,0.2,"setosa"
"I031",4.8,3.1,1.6,0.2,"setosa"
"I032",5.4,3.4,1.5,0.4,"setosa"
"I033",5.2,4.1,1.5,0.1,"setosa"
"I034",5.5,4.2,1.4,0.2,"setosa"
"I035",4.9,3.1,1.5,0.2,"setosa"
"I036",5,3.2,1.2,0.2,"setosa"
"I037",5.5,3.5,1.3,0.2,"setosa"
"I038",4.9,3.6,1.4,0.1,"setosa"
"I039",4.4,3,1.3,0.2,"setosa"
"I040",5.1,3.4,1.5,0.2,"setosa"
"I041",5,3.5,1.3,0.3,"setosa"
"I042",4.5,2.3,1.3,0.3,"setosa"
"I043",4.4,3.2,1.3,0.2,"setosa"
"I044",5,3.5,1.6,0.6,"setosa"
"I045",5.1,3.8,1.9,0.4,"setosa"
"I046",4.8,3,1.4,0.3,"setosa"
"I047",5.1,3.8,1.6,0.2,"setosa"
"I048",4.6,3.2,1.4,0.2,"setosa"
"I049",5.3,3.7,1.5,0.2,"setosa"
"I050",5,3.3,1.4,0.2,"setosa"
"I051",7,3.2,4.7,1.4,"versicolor"
"I052",6.4,3.2,4.5,1.5,"versicolor"
"I053",6.9,3.1,4.9,1.5,"versicolor"
"I054",5.5,2.3,4,1.3,"versicolor"
"I055",6.5,2.8,4.6,1.5,"versicolor"
"I056",5.7,2.8,4.5,1.3,"versicolor"
"I057",6.3,3.3,4.7,1.6,"versicolor"
"I058",4.9,2.4,3.3,1,"versicolor"
"I059",6.6,2.9,4.6,1.3,"versicolor"
"I060",5.2,2.7,3.9,1.4,"versicolor"
"I061",5,2,3.5,1,"versicolor"
"I062",5.9,3,4.2,1.5,"versicolor"
"I063",6,2.2,4,1,"versicolor"
"I064",6.1,2.9,4.7,1.4,"versicolor"
"I065",5.6,2.9,3.6,1.3,"versicolor"
"I066",6.7,3.1,4.4,1.4,"versicolor"
"I067",5.6,3,4.5,1.5,"versicolor"
"I068",5.8,2.7,4.1,1,"versicolor"
"I069",6.2,2.2,4.5,1.5,"versicolor"
"I070",5.6,2.5,3.9,1.1,"versicolor"
"I071",5.9,3.2,4.8,1.8,"versicolor"
"I072",6.1,2.8,4,1.3,"versicolor"
"I073",6.3,2.5,4.9,1.5,"versicolor"
"I074",6.1,2.8,4.7,1.2,"versicolor"
"I075",6.4,2.9,4.3,1.3,"versicolor"
"I076",6.6,3,4.4,1.4,"versicolor"
"I077",6.8,2.8,4.8,1.4,"versicolor"
"I078",6.7,3,5,1.7,"versicolor"
"I079",6,2.9,4.5,1.5,"versicolor"
"I080",5.7,2.6,3.5,1,"versicolor"
"I081",5.5,2.4,3.8,1.1,"versicolor"
"I082",5.5,2.4,3.7,1,"versicolor"
"I083",5.8,2.7,3.9,1.2,"versicolor"
"I084",6,2.7,5.1,1.6,"versicolor"
"I085",5.4,3,4.5,1.5,"versicolor"
"I086",6,3.4,4.5,1.6,"versicolor"
"I087",6.7,3.1,4.7,1.5,"versicolor"
"I088",6.3,2.3,4.4,1.3,"versicolor"
"I089",5.6,3,4.1,1.3,"versicolor"
"I090",5.5,2.5,4,1.3,"versicolor"
"I091",5.5,2.6,4.4,1.2,"versicolor"
"I092",6.1,3,4.6,1.4,"versicolor"
"I093",5.8,2.6,4,1.2,"versicolor"
"I094",5,2.3,3.3,1,"versicolor"
"I095",5.6,2.7,4.2,1.3,"versicolor"
"I096",5.7,3,4.2,1.2,"versicolor"
"I097",5.7,2.9,4.2,1.3,"versicolor"
"I098",6.2,2.9,4.3,1.3,"versicolor"
"I099",5.1,2.5,3,1.1,"versicolor"
"I100",5.7,2.8,4.1,1.3,"versicolor"
"I101",6.3,3.3,6,2.5,"virginica"
"I102",5.8,2.7,5.1,1.9,"virginica"
"I103",7.1,3,5.9,2.1,"virginica"
"I104",6.3,2.9,5.6,1.8,"virginica"
"I105",6.5,3,5.8,2.2,"virginica"
"I106",7.6,3,6.6,2.1,"virginica"
"I107",4.9,2.5,4.5,1.7,"virginica"
"I108",7.3,2.9,6.3,1.8,"virginica"
"I109",6.7,2.5,5.8,1.8,"virginica"
"I110",7.2,3.6,6.1,2.5,"virginica"
"I111",6.5,3.2,5.1,2,"virginica"
"I112",6.4,2.7,5.3,1.9,"virginica"
"I113",6.8,3,5.5,2.1,"virginica"
"I114",5.7,2.5,5,2,"virginica"
"I115",5.8,2.8,5.1,2.4,"virginica"
"I116",6.4,3.2,5.3,2.3,"virginica"
"I117",6.5,3,5.5,1.8,"virginica"
"I118",7.7,3.8,6.7,2.2,"virginica"
"I119",7.7,2.6,6.9,2.3,"virginica"
"I120",6,2.2,5,1.5,"virginica"
"I121",6.9,3.2,5.7,2.3,"virginica"
"I122",5.6,2.8,4.9,2,"virginica"
"I123",7.7,2.8,6.7,2,"virginica"
"I124",6.3,2.7,4.9,1.8,"virginica"
"I125",6.7,3.3,5.7,2.1,"virginica"
"I126",7.2,3.2,6,1.8,"virginica"
"I127",6.2,2.8,4.8,1.8,"virginica"
"I128",6.1,3,4.9,1.8,"virginica"
"I129",6.4,2.8,5.6,2.1,"virginica"
"I130",7.2,3,5.8,1.6,"virginica"
"I131",7.4,2.8,6.1,1.9,"virginica"
"I132",7.9,3.8,6.4,2,"virginica"
"I133",6.4,2.8,5.6,2.2,"virginica"
"I134",6.3,2.8,5.1,1.5,"virginica"
"I135",6.1,2.6,5.6,1.4,"virginica"
"I136",7.7,3,6.1,2.3,"virginica"
"I137",6.3,3.4,5.6,2.4,"virginica"
"I138",6.4,3.1,5.5,1.8,"virginica"
"I139",6,3,4.8,1.8,"virginica"
"I140",6.9,3.1,5.4,2.1,"virginica"
"I141",6.7,3.1,5.6,2.4,"virginica"
"I142",6.9,3.1,5.1,2.3,"virginica"
"I143",5.8,2.7,5.1,1.9,"virginica"
"I144",6.8,3.2,5.9,2.3,"virginica"
"I145",6.7,3.3,5.7,2.5,"virginica"
"I146",6.7,3,5.2,2.3,"virginica"
"I147",6.3,2.5,5,1.9,"virginica"
"I148",6.5,3,5.2,2,"virginica"
"I149",6.2,3.4,5.4,2.3,"virginica"
"I150",5.9,3,5.1,1.8,"virginica"
