"passenger","Class","Sex","Age","Survived"
"P0001","3rd","Male","Child","No"
"P0002","3rd","Male","Child","No"
"P0003","3rd","Male","Child","No"
"P0004","3rd","Male","Child","No"
"P0005","3rd","Male","Child","No"
"P0006","3rd","Male","Child","No"
"P0007","3rd","Male","Child","No"
"P0008","3rd","Male","Child","No"
"P0009","3rd","Male","Child","No"
"P0010","3rd","Male","Child","No"
"P0011","3rd","Male","Child","No"
"P0012","3rd","Male","Child","No"
"P0013","3rd","Male","Child","No"
"P0014","3rd","Male","Child","No"
"P0015","3rd","Male","Child","No"
"P0016","3rd","Male","Child","No"
"P0017","3rd","Male","Child","No"
"P0018","3rd","Male","Child","No"
"P0019","3rd","Male","Child","No"
"P0020","3rd","Male","Child","No"
"P0021","3rd","Male","Child","No"
"P0022","3rd","Male","Child","No"
"P0023","3rd","Male","Child","No"
"P0024","3rd","Male","Child","No"
"P0025","3rd","Male","Child","No"
"P0026","3rd","Male","Child","No"
"P0027","3rd","Male","Child","No"
"P0028","3rd","Male","Child","No"
"P0029","3rd","Male","Child","No"
"P0030","3rd","Male","Child","No"
"P0031","3rd","Male","Child","No"
"P0032","3rd","Male","Child","No"
"P0033","3rd","Male","Child","No"
"P0034","3rd","Male","Child","No"
"P0035","3rd","Male","Child","No"
"P0036","3rd","Female","Child","No"
"P0037","3rd","Female","Child","No"
"P0038","3rd","Female","Child","No"
"P0039","3rd","Female","Child","No"
"P0040","3rd","Female","Child","No"
"P0041","3rd","Female","Child","No"
"P0042","3rd","Female","Child","No"
"P0043","3rd","Female","Child","No"
"P0044","3rd","Female","Child","No"
"P0045","3rd","Female","Child","No"
"P0046","3rd","Female","Child","No"
"P0047","3rd","Female","Child","No"
"P0048","3rd","Female","Child","No"
"P0049","3rd","Female","Child","No"
"P0050","3rd","Female","Child","No"
"P0051","3rd","Female","Child","No"
"P0052","3rd","Female","Child","No"
"P0053","1st","Male","Adult","No"
"P0054","1st","Male","Adult","No"
"P0055","1st","Male","Adult","No"
"P0056","1st","Male","Adult","No"
"P0057","1st","Male","Adult","No"
"P0058","1st","Male","Adult","No"
"P0059","1st","Male","Adult","No"
"P0060","1st","Male","Adult","No"
"P0061","1st","Male","Adult","No"
"P0062","1st","Male","Adult","No"
"P0063","1st","Male","Adult","No"
"P0064","1st","Male","Adult","No"
"P0065","1st","Male","Adult","No"
"P0066","1st","Male","Adult","No"
"P0067","1st","Male","Adult","No"
"P0068","1st","Male","Adult","No"
"P0069","1st","Male","Adult","No"
"P0070","1st","Male","Adult","No"
"P0071","1st","Male","Adult","No"
"P0072","1st","Male","Adult","No"
"P0073","1st","Male","Adult","No"
"P0074","1st","Male","Adult","No"
"P0075","1st","Male","Adult","No"
"P0076","1st","Male","Adult","No"
"P0077","1st","Male","Adult","No"
"P0078","1st","Male","Adult","No"
"P0079","1st","Male","Adult","No"
"P0080","1st","Male","Adult","No"
"P0081","1st","Male","Adult","No"
"P0082","1st","Male","Adult","No"
"P0083","1st","Male","Adult","No"
"P0084","1st","Male","Adult","No"
"P0085","1st","Male","Adult","No"
"P0086","1st","Male","Adult","No"
"P0087","1st","Male","Adult","No"
"P0088","1st","Male","Adult","No"
"P0089","1st","Male","Adult","No"
"P0090","1st","Male","Adult","No"
"P0091","1st","Male","Adult","No"
"P0092","1st","Male","Adult","No"
"P0093","1st","Male","Adult","No"
"P0094","1st","Male","Adult","No"
"P0095","1st","Male","Adult","No"
"P0096","1st","Male","Adult","No"
"P0097","1st","Male","Adult","No"
"P0098","1st","Male","Adult","No"
"P0099","1st","Male","Adult","No"
"P0100","1st","Male","Adult","No"
"P0101","1st","Male","Adult","No"
"P0102","1st","Male","Adult","No"
"P0103","1st","Male","Adult","No"
"P0104","1st","Male","Adult","No"
"P0105","1st","Male","Adult","No"
"P0106","1st","Male","Adult","No"
"P0107","1st","Male","Adult","No"
"P0108","1st","Male","Adult","No"
"P0109","1st","Male","Adult","No"
"P0110","1st","Male","Adult","No"
"P0111","1st","Male","Adult","No"
"P0112","1st","Male","Adult","No"
"P0113","1st","Male","Adult","No"
"P0114","1st","Male","Adult","No"
"P0115","1st","Male","Adult","No"
"P0116","1st","Male","Adult","No"
"P0117","1st","Male","Adult","No"
"P0118","1st","Male","Adult","No"
"P0119","1st","Male","Adult","No"
"P0120","1st","Male","Adult","No"
"P0121","1st","Male","Adult","No"
"P0122","1st","Male","Adult","No"
"P0123","1st","Male","Adult","No"
"P0124","1st","Male","Adult","No"
"P0125","1st","Male","Adult","No"
"P0126","1st","Male","Adult","No"
"P0127","1st","Male","Adult","No"
"P0128","1st","Male","Adult","No"
"P0129","1st","Male","Adult","No"
"P0130","1st","Male","Adult","No"
"P0131","1st","Male","Adult","No"
"P0132","1st","Male","Adult","No"
"P0133","1st","Male","Adult","No"
"P0134","1st","Male","Adult","No"
"P0135","1st","Male","Adult","No"
"P0136","1st","Male","Adult","No"
"P0137","1st","Male","Adult","No"
"P0138","1st","Male","Adult","No"
"P0139","1st","Male","Adult","No"
"P0140","1st","Male","Adult","No"
"P0141","1st","Male","Adult","No"
"P0142","1st","Male","Adult","No"
"P0143","1st","Male","Adult","No"
"P0144","1st","Male","Adult","No"
"P0145","1st","Male","Adult","No"
"P0146","1st","Male","Adult","No"
"P0147","1st","Male","Adult","No"
"P0148","1st","Male","Adult","No"
"P0149","1st","Male","Adult","No"
"P0150","1st","Male","Adult","No"
"P0151","1st","Male","Adult","No"
"P0152","1st","Male","Adult","No"
"P0153","1st","Male","Adult","No"
"P0154","1st","Male","Adult","No"
"P0155","1st","Male","Adult","No"
"P0156","1st","Male","Adult","No"
"P0157","1st","Male","Adult","No"
"P0158","1st","Male","Adult","No"
"P0159","1st","Male","Adult","No"
"P0160","1st","Male","Adult","No"
"P0161","1st","Male","Adult","No"
"P0162","1st","Male","Adult","No"
"P0163","1st","Male","Adult","No"
"P0164","1st","Male","Adult","No"
"P0165","1st","Male","Adult","No"
"P0166","1st","Male","Adult","No"
"P0167","1st","Male","Adult","No"
"P0168","1st","Male","Adult","No"
"P0169","1st","Male","Adult","No"
"P0170","1st","Male","Adult","No"
"P0171","2nd","Male","Adult","No"
"P0172","2nd","Male","Adult","No"
"P0173","2nd","Male","Adult","No"
"P0174","2nd","Male","Adult","No"
"P0175","2nd","Male","Adult","No"
"P0176","2nd","Male","Adult","No"
"P0177","2nd","Male","Adult","No"
"P0178","2nd","Male","Adult","No"
"P0179","2nd","Male","Adult","No"
"P0180","2nd","Male","Adult","No"
"P0181","2nd","Male","Adult","No"
"P0182","2nd","Male","Adult","No"
"P0183","2nd","Male","Adult","No"
"P0184","2nd","Male","Adult","No"
"P0185","2nd","Male","Adult","No"
"P0186","2nd","Male","Adult","No"
"P0187","2nd","Male","Adult","No"
"P0188","2nd","Male","Adult","No"
"P0189","2nd","Male","Adult","No"
"P0190","2nd","Male","Adult","No"
"P0191","2nd","Male","Adult","No"
"P0192","2nd","Male","Adult","No"
"P0193","2nd","Male","Adult","No"
"P0194","2nd","Male","Adult","No"
"P0195","2nd","Male","Adult","No"
"P0196","2nd","Male","Adult","No"
"P0197","2nd","Male","Adult","No"
"P0198","2nd","Male","Adult","No"
"P0199","2nd","Male","Adult","No"
"P0200","2nd","Male","Adult","No"
"P0201","2nd","Male","Adult","No"
"P0202","2nd","Male","Adult","No"
"P0203","2nd","Male","Adult","No"
"P0204","2nd","Male","Adult","No"
"P0205","2nd","Male","Adult","No"
"P0206","2nd","Male","Adult","No"
"P0207","2nd","Male","Adult","No"
"P0208","2nd","Male","Adult","No"
"P0209","2nd","Male","Adult","No"
"P0210","2nd","Male","Adult","No"
"P0211","2nd","Male","Adult","No"
"P0212","2nd","Male","Adult","No"
"P0213","2nd","Male","Adult","No"
"P0214","2nd","Male","Adult","No"
"P0215","2nd","Male","Adult","No"
"P0216","2nd","Male","Adult","No"
"P0217","2nd","Male","Adult","No"
"P0218","2nd","Male","Adult","No"
"P0219","2nd","Male","Adult","No"
"P0220","2nd","Male","Adult","No"
"P0221","2nd","Male","Adult","No"
"P0222","2nd","Male","Adult","No"
"P0223","2nd","Male","Adult","No"
"P0224","2nd","Male","Adult","No"
"P0225","2nd","Male","Adult","No"
"P0226","2nd","Male","Adult","No"
"P0227","2nd","Male","Adult","No"
"P0228","2nd","Male","Adult","No"
"P0229","2nd","Male","Adult","No"
"P0230","2nd","Male","Adult","No"
"P0231","2nd","Male","Adult","No"
"P0232","2nd","Male","Adult","No"
"P0233","2nd","Male","Adult","No"
"P0234","2nd","Male","Adult","No"
"P0235","2nd","Male","Adult","No"
"P0236","2nd","Male","Adult","No"
"P0237","2nd","Male","Adult","No"
"P0238","2nd","Male","Adult","No"
"P0239","2nd","Male","Adult","No"
"P0240","2nd","Male","Adult","No"
"P0241","2nd","Male","Adult","No"
"P0242","2nd","Male","Adult","No"
"P0243","2nd","Male","Adult","No"
"P0244","2nd","Male","Adult","No"
"P0245","2nd","Male","Adult","No"
"P0246","2nd","Male","Adult","No"
"P0247","2nd","Male","Adult","No"
"P0248","2nd","Male","Adult","No"
"P0249","2nd","Male","Adult","No"
"P0250","2nd","Male","Adult","No"
"P0251","2nd","Male","Adult","No"
"P0252","2nd","Male","Adult","No"
"P0253","2nd","Male","Adult","No"
"P0254","2nd","Male","Adult","No"
"P0255","2nd","Male","Adult","No"
"P0256","2nd","Male","Adult","No"
"P0257","2nd","Male","Adult","No"
"P0258","2nd","Male","Adult","No"
"P0259","2nd","Male","Adult","No"
"P0260","2nd","Male","Adult","No"
"P0261","2nd","Male","Adult","No"
"P0262","2nd","Male","Adult","No"
"P0263","2nd","Male","Adult","No"
"P0264","2nd","Male","Adult","No"
"P0265","2nd","Male","Adult","No"
"P0266","2nd","Male","Adult","No"
"P0267","2nd","Male","Adult","No"
"P0268","2nd","Male","Adult","No"
"P0269","2nd","Male","Adult","No"
"P0270","2nd","Male","Adult","No"
"P0271","2nd","Male","Adult","No"
"P0272","2nd","Male","Adult","No"
"P0273","2nd","Male","Adult","No"
"P0274","2nd","Male","Adult","No"
"P0275","2nd","Male","Adult","No"
"P0276","2nd","Male","Adult","No"
"P0277","2nd","Male","Adult","No"
"P0278","2nd","Male","Adult","No"
"P0279","2nd","Male","Adult","No"
"P0280","2nd","Male","Adult","No"
"P0281","2nd","Male","Adult","No"
"P0282","2nd","Male","Adult","No"
"P0283","2nd","Male","Adult","No"
"P0284","2nd","Male","Adult","No"
"P0285","2nd","Male","Adult","No"
"P0286","2nd","Male","Adult","No"
"P0287","2nd","Male","Adult","No"
"P0288","2nd","Male","Adult","No"
"P0289","2nd","Male","Adult","No"
"P0290","2nd","Male","Adult","No"
"P0291","2nd","Male","Adult","No"
"P0292","2nd","Male","Adult","No"
"P0293","2nd","Male","Adult","No"
"P0294","2nd","Male","Adult","No"
"P0295","2nd","Male","Adult","No"
"P0296","2nd","Male","Adult","No"
"P0297","2nd","Male","Adult","No"
"P0298","2nd","Male","Adult","No"
"P0299","2nd","Male","Adult","No"
"P0300","2nd","Male","Adult","No"
"P0301","2nd","Male","Adult","No"
"P0302","2nd","Male","Adult","No"
"P0303","2nd","Male","Adult","No"
"P0304","2nd","Male","Adult","No"
"P0305","2nd","Male","Adult","No"
"P0306","2nd","Male","Adult","No"
"P0307","2nd","Male","Adult","No"
"P0308","2nd","Male","Adult","No"
"P0309","2nd","Male","Adult","No"
"P0310","2nd","Male","Adult","No"
"P0311","2nd","Male","Adult","No"
"P0312","2nd","Male","Adult","No"
"P0313","2nd","Male","Adult","No"
"P0314","2nd","Male","Adult","No"
"P0315","2nd","Male","Adult","No"
"P0316","2nd","Male","Adult","No"
"P0317","2nd","Male","Adult","No"
"P0318","2nd","Male","Adult","No"
"P0319","2nd","Male","Adult","No"
"P0320","2nd","Male","Adult","No"
"P0321","2nd","Male","Adult","No"
"P0322","2nd","Male","Adult","No"
"P0323","2nd","Male","Adult","No"
"P0324","2nd","Male","Adult","No"
"P0325","3rd","Male","Adult","No"
"P0326","3rd","Male","Adult","No"
"P0327","3rd","Male","Adult","No"
"P0328","3rd","Male","Adult","No"
"P0329","3rd","Male","Adult","No"
"P0330","3rd","Male","Adult","No"
"P0331","3rd","Male","Adult","No"
"P0332","3rd","Male","Adult","No"
"P0333","3rd","Male","Adult","No"
"P0334","3rd","Male","Adult","No"
"P0335","3rd","Male","Adult","No"
"P0336","3rd","Male","Adult","No"
"P0337","3rd","Male","Adult","No"
"P0338","3rd","Male","Adult","No"
"P0339","3rd","Male","Adult","No"
"P0340","3rd","Male","Adult","No"
"P0341","3rd","Male","Adult","No"
"P0342","3rd","Male","Adult","No"
"P0343","3rd","Male","Adult","No"
"P0344","3rd","Male","Adult","No"
"P0345","3rd","Male","Adult","No"
"P0346","3rd","Male","Adult","No"
"P0347","3rd","Male","Adult","No"
"P0348","3rd","Male","Adult","No"
"P0349","3rd","Male","Adult","No"
"P0350","3rd","Male","Adult","No"
"P0351","3rd","Male","Adult","No"
"P0352","3rd","Male","Adult","No"
"P0353","3rd","Male","Adult","No"
"P0354","3rd","Male","Adult","No"
"P0355","3rd","Male","Adult","No"
"P0356","3rd","Male","Adult","No"
"P0357","3rd","Male","Adult","No"
"P0358","3rd","Male","Adult","No"
"P0359","3rd","Male","Adult","No"
"P0360","3rd","Male","Adult","No"
"P0361","3rd","Male","Adult","No"
"P0362","3rd","Male","Adult","No"
"P0363","3rd","Male","Adult","No"
"P0364","3rd","Male","Adult","No"
"P0365","3rd","Male","Adult","No"
"P0366","3rd","Male","Adult","No"
"P0367","3rd","Male","Adult","No"
"P0368","3rd","Male","Adult","No"
"P0369","3rd","Male","Adult","No"
"P0370","3rd","Male","Adult","No"
"P0371","3rd","Male","Adult","No"
"P0372","3rd","Male","Adult","No"
"P0373","3rd","Male","Adult","No"
"P0374","3rd","Male","Adult","No"
"P0375","3rd","Male","Adult","No"
"P0376","3rd","Male","Adult","No"
"P0377","3rd","Male","Adult","No"
"P0378","3rd","Male","Adult","No"
"P0379","3rd","Male","Adult","No"
"P0380","3rd","Male","Adult","No"
"P0381","3rd","Male","Adult","No"
"P0382","3rd","Male","Adult","No"
"P0383","3rd","Male","Adult","No"
"P0384","3rd","Male","Adult","No"
"P0385","3rd","Male","Adult","No"
"P0386","3rd","Male","Adult","No"
"P0387","3rd","Male","Adult","No"
"P0388","3rd","Male","Adult","No"
"P0389","3rd","Male","Adult","No"
"P0390","3rd","Male","Adult","No"
"P0391","3rd","Male","Adult","No"
"P0392","3rd","Male","Adult","No"
"P0393","3rd","Male","Adult","No"
"P0394","3rd","Male","Adult","No"
"P0395","3rd","Male","Adult","No"
"P0396","3rd","Male","Adult","No"
"P0397","3rd","Male","Adult","No"
"P0398","3rd","Male","Adult","No"
"P0399","3rd","Male","Adult","No"
"P0400","3rd","Male","Adult","No"
"P0401","3rd","Male","Adult","No"
"P0402","3rd","Male","Adult","No"
"P0403","3rd","Male","Adult","No"
"P0404","3rd","Male","Adult","No"
"P0405","3rd","Male","Adult","No"
"P0406","3rd","Male","Adult","No"
"P0407","3rd","Male","Adult","No"
"P0408","3rd","Male","Adult","No"
"P0409","3rd","Male","Adult","No"
"P0410","3rd","Male","Adult","No"
"P0411","3rd","Male","Adult","No"
"P0412","3rd","Male","Adult","No"
"P0413","3rd","Male","Adult","No"
"P0414","3rd","Male","Adult","No"
"P0415","3rd","Male","Adult","No"
"P0416","3rd","Male","Adult","No"
"P0417","3rd","Male","Adult","No"
"P0418","3rd","Male","Adult","No"
"P0419","3rd","Male","Adult","No"
"P0420","3rd","Male","Adult","No"
"P0421","3rd","Male","Adult","No"
"P0422","3rd","Male","Adult","No"
"P0423","3rd","Male","Adult","No"
"P0424","3rd","Male","Adult","No"
"P0425","3rd","Male","Adult","No"
"P0426","3rd","Male","Adult","No"
"P0427","3rd","Male","Adult","No"
"P0428","3rd","Male","Adult","No"
"P0429","3rd","Male","Adult","No"
"P0430","3rd","Male","Adult","No"
"P0431","3rd","Male","Adult","No"
"P0432","3rd","Male","Adult","No"
"P0433","3rd","Male","Adult","No"
"P0434","3rd","Male","Adult","No"
"P0435","3rd","Male","Adult","No"
"P0436","3rd","Male","Adult","No"
"P0437","3rd","Male","Adult","No"
"P0438","3rd","Male","Adult","No"
"P0439","3rd","Male","Adult","No"
"P0440","3rd","Male","Adult","No"
"P0441","3rd","Male","Adult","No"
"P0442","3rd","Male","Adult","No"
"P0443","3rd","Male","Adult","No"
"P0444","3rd","Male","Adult","No"
"P0445","3rd","Male","Adult","No"
"P0446","3rd","Male","Adult","No"
"P0447","3rd","Male","Adult","No"
"P0448","3rd","Male","Adult","No"
"P0449","3rd","Male","Adult","No"
"P0450","3rd","Male","Adult","No"
"P0451","3rd","Male","Adult","No"
"P0452","3rd","Male","Adult","No"
"P0453","3rd","Male","Adult","No"
"P0454","3rd","Male","Adult","No"
"P0455","3rd","Male","Adult","No"
"P0456","3rd","Male","Adult","No"
"P0457","3rd","Male","Adult","No"
"P0458","3rd","Male","Adult","No"
"P0459","3rd","Male","Adult","No"
"P0460","3rd","Male","Adult","No"
"P0461","3rd","Male","Adult","No"
"P0462","3rd","Male","Adult","No"
"P0463","3rd","Male","Adult","No"
"P0464","3rd","Male","Adult","No"
"P0465","3rd","Male","Adult","No"
"P0466","3rd","Male","Adult","No"
"P0467","3rd","Male","Adult","No"
"P0468","3rd","Male","Adult","No"
"P0469","3rd","Male","Adult","No"
"P0470","3rd","Male","Adult","No"
"P0471","3rd","Male","Adult","No"
"P0472","3rd","Male","Adult","No"
"P0473","3rd","Male","Adult","No"
"P0474","3rd","Male","Adult","No"
"P0475","3rd","Male","Adult","No"
"P0476","3rd","Male","Adult","No"
"P0477","3rd","Male","Adult","No"
"P0478","3rd","Male","Adult","No"
"P0479","3rd","Male","Adult","No"
"P0480","3rd","Male","Adult","No"
"P0481","3rd","Male","Adult","No"
"P0482","3rd","Male","Adult","No"
"P0483","3rd","Male","Adult","No"
"P0484","3rd","Male","Adult","No"
"P0485","3rd","Male","Adult","No"
"P0486","3rd","Male","Adult","No"
"P0487","3rd","Male","Adult","No"
"P0488","3rd","Male","Adult","No"
"P0489","3rd","Male","Adult","No"
"P0490","3rd","Male","Adult","No"
"P0491","3rd","Male","Adult","No"
"P0492","3rd","Male","Adult","No"
"P0493","3rd","Male","Adult","No"
"P0494","3rd","Male","Adult","No"
"P0495","3rd","Male","Adult","No"
"P0496","3rd","Male","Adult","No"
"P0497","3rd","Male","Adult","No"
"P0498","3rd","Male","Adult","No"
"P0499","3rd","Male","Adult","No"
"P0500","3rd","Male","Adult","No"
"P0501","3rd","Male","Adult","No"
"P0502","3rd","Male","Adult","No"
"P0503","3rd","Male","Adult","No"
"P0504","3rd","Male","Adult","No"
"P0505","3rd","Male","Adult","No"
"P0506","3rd","Male","Adult","No"
"P0507","3rd","Male","Adult","No"
"P0508","3rd","Male","Adult","No"
"P0509","3rd","Male","Adult","No"
"P0510","3rd","Male","Adult","No"
"P0511","3rd","Male","Adult","No"
"P0512","3rd","Male","Adult","No"
"P0513","3rd","Male","Adult","No"
"P0514","3rd","Male","Adult","No"
"P0515","3rd","Male","Adult","No"
"P0516","3rd","Male","Adult","No"
"P0517","3rd","Male","Adult","No"
"P0518","3rd","Male","Adult","No"
"P0519","3rd","Male","Adult","No"
"P0520","3rd","Male","Adult","No"
"P0521","3rd","Male","Adult","No"
"P0522","3rd","Male","Adult","No"
"P0523","3rd","Male","Adult","No"
"P0524","3rd","Male","Adult","No"
"P0525","3rd","Male","Adult","No"
"P0526","3rd","Male","Adult","No"
"P0527","3rd","Male","Adult","No"
"P0528","3rd","Male","Adult","No"
"P0529","3rd","Male","Adult","No"
"P0530","3rd","Male","Adult","No"
"P0531","3rd","Male","Adult","No"
"P0532","3rd","Male","Adult","No"
"P0533","3rd","Male","Adult","No"
"P0534","3rd","Male","Adult","No"
"P0535","3rd","Male","Adult","No"
"P0536","3rd","Male","Adult","No"
"P0537","3rd","Male","Adult","No"
"P0538","3rd","Male","Adult","No"
"P0539","3rd","Male","Adult","No"
"P0540","3rd","Male","Adult","No"
"P0541","3rd","Male","Adult","No"
"P0542","3rd","Male","Adult","No"
"P0543","3rd","Male","Adult","No"
"P0544","3rd","Male","Adult","No"
"P0545","3rd","Male","Adult","No"
"P0546","3rd","Male","Adult","No"
"P0547","3rd","Male","Adult","No"
"P0548","3rd","Male","Adult","No"
"P0549","3rd","Male","Adult","No"
"P0550","3rd","Male","Adult","No"
"P0551","3rd","Male","Adult","No"
"P0552","3rd","Male","Adult","No"
"P0553","3rd","Male","Adult","No"
"P0554","3rd","Male","Adult","No"
"P0555","3rd","Male","Adult","No"
"P0556","3rd","Male","Adult","No"
"P0557","3rd","Male","Adult","No"
"P0558","3rd","Male","Adult","No"
"P0559","3rd","Male","Adult","No"
"P0560","3rd","Male","Adult","No"
"P0561","3rd","Male","Adult","No"
"P0562","3rd","Male","Adult","No"
"P0563","3rd","Male","Adult","No"
"P0564","3rd","Male","Adult","No"
"P0565","3rd","Male","Adult","No"
"P0566","3rd","Male","Adult","No"
"P0567","3rd","Male","Adult","No"
"P0568","3rd","Male","Adult","No"
"P0569","3rd","Male","Adult","No"
"P0570","3rd","Male","Adult","No"
"P0571","3rd","Male","Adult","No"
"P0572","3rd","Male","Adult","No"
"P0573","3rd","Male","Adult","No"
"P0574","3rd","Male","Adult","No"
"P0575","3rd","Male","Adult","No"
"P0576","3rd","Male","Adult","No"
"P0577","3rd","Male","Adult","No"
"P0578","3rd","Male","Adult","No"
"P0579","3rd","Male","Adult","No"
"P0580","3rd","Male","Adult","No"
"P0581","3rd","Male","Adult","No"
"P0582","3rd","Male","Adult","No"
"P0583","3rd","Male","Adult","No"
"P0584","3rd","Male","Adult","No"
"P0585","3rd","Male","Adult","No"
"P0586","3rd","Male","Adult","No"
"P0587","3rd","Male","Adult","No"
"P0588","3rd","Male","Adult","No"
"P0589","3rd","Male","Adult","No"
"P0590","3rd","Male","Adult","No"
"P0591","3rd","Male","Adult","No"
"P0592","3rd","Male","Adult","No"
"P0593","3rd","Male","Adult","No"
"P0594","3rd","Male","Adult","No"
"P0595","3rd","Male","Adult","No"
"P0596","3rd","Male","Adult","No"
"P0597","3rd","Male","Adult","No"
"P0598","3rd","Male","Adult","No"
"P0599","3rd","Male","Adult","No"
"P0600","3rd","Male","Adult","No"
"P0601","3rd","Male","Adult","No"
"P0602","3rd","Male","Adult","No"
"P0603","3rd","Male","Adult","No"
"P0604","3rd","Male","Adult","No"
"P0605","3rd","Male","Adult","No"
"P0606","3rd","Male","Adult","No"
"P0607","3rd","Male","Adult","No"
"P0608","3rd","Male","Adult","No"
"P0609","3rd","Male","Adult","No"
"P0610","3rd","Male","Adult","No"
"P0611","3rd","Male","Adult","No"
"P0612","3rd","Male","Adult","No"
"P0613","3rd","Male","Adult","No"
"P0614","3rd","Male","Adult","No"
"P0615","3rd","Male","Adult","No"
"P0616","3rd","Male","Adult","No"
"P0617","3rd","Male","Adult","No"
"P0618","3rd","Male","Adult","No"
"P0619","3rd","Male","Adult","No"
"P0620","3rd","Male","Adult","No"
"P0621","3rd","Male","Adult","No"
"P0622","3rd","Male","Adult","No"
"P0623","3rd","Male","Adult","No"
"P0624","3rd","Male","Adult","No"
"P0625","3rd","Male","Adult","No"
"P0626","3rd","Male","Adult","No"
"P0627","3rd","Male","Adult","No"
"P0628","3rd","Male","Adult","No"
"P0629","3rd","Male","Adult","No"
"P0630","3rd","Male","Adult","No"
"P0631","3rd","Male","Adult","No"
"P0632","3rd","Male","Adult","No"
"P0633","3rd","Male","Adult","No"
"P0634","3rd","Male","Adult","No"
"P0635","3rd","Male","Adult","No"
"P0636","3rd","Male","Adult","No"
"P0637","3rd","Male","Adult","No"
"P0638","3rd","Male","Adult","No"
"P0639","3rd","Male","Adult","No"
"P0640","3rd","Male","Adult","No"
"P0641","3rd","Male","Adult","No"
"P0642","3rd","Male","Adult","No"
"P0643","3rd","Male","Adult","No"
"P0644","3rd","Male","Adult","No"
"P0645","3rd","Male","Adult","No"
"P0646","3rd","Male","Adult","No"
"P0647","3rd","Male","Adult","No"
"P0648","3rd","Male","Adult","No"
"P0649","3rd","Male","Adult","No"
"P0650","3rd","Male","Adult","No"
"P0651","3rd","Male","Adult","No"
"P0652","3rd","Male","Adult","No"
"P0653","3rd","Male","Adult","No"
"P0654","3rd","Male","Adult","No"
"P0655","3rd","Male","Adult","No"
"P0656","3rd","Male","Adult","No"
"P0657","3rd","Male","Adult","No"
"P0658","3rd","Male","Adult","No"
"P0659","3rd","Male","Adult","No"
"P0660","3rd","Male","Adult","No"
"P0661","3rd","Male","Adult","No"
"P0662","3rd","Male","Adult","No"
"P0663","3rd","Male","Adult","No"
"P0664","3rd","Male","Adult","No"
"P0665","3rd","Male","Adult","No"
"P0666","3rd","Male","Adult","No"
"P0667","3rd","Male","Adult","No"
"P0668","3rd","Male","Adult","No"
"P0669","3rd","Male","Adult","No"
"P0670","3rd","Male","Adult","No"
"P0671","3rd","Male","Adult","No"
"P0672","3rd","Male","Adult","No"
"P0673","3rd","Male","Adult","No"
"P0674","3rd","Male","Adult","No"
"P0675","3rd","Male","Adult","No"
"P0676","3rd","Male","Adult","No"
"P0677","3rd","Male","Adult","No"
"P0678","3rd","Male","Adult","No"
"P0679","3rd","Male","Adult","No"
"P0680","3rd","Male","Adult","No"
"P0681","3rd","Male","Adult","No"
"P0682","3rd","Male","Adult","No"
"P0683","3rd","Male","Adult","No"
"P0684","3rd","Male","Adult","No"
"P0685","3rd","Male","Adult","No"
"P0686","3rd","Male","Adult","No"
"P0687","3rd","Male","Adult","No"
"P0688","3rd","Male","Adult","No"
"P0689","3rd","Male","Adult","No"
"P0690","3rd","Male","Adult","No"
"P0691","3rd","Male","Adult","No"
"P0692","3rd","Male","Adult","No"
"P0693","3rd","Male","Adult","No"
"P0694","3rd","Male","Adult","No"
"P0695","3rd","Male","Adult","No"
"P0696","3rd","Male","Adult","No"
"P0697","3rd","Male","Adult","No"
"P0698","3rd","Male","Adult","No"
"P0699","3rd","Male","Adult","No"
"P0700","3rd","Male","Adult","No"
"P0701","3rd","Male","Adult","No"
"P0702","3rd","Male","Adult","No"
"P0703","3rd","Male","Adult","No"
"P0704","3rd","Male","Adult","No"
"P0705","3rd","Male","Adult","No"
"P0706","3rd","Male","Adult","No"
"P0707","3rd","Male","Adult","No"
"P0708","3rd","Male","Adult","No"
"P0709","3rd","Male","Adult","No"
"P0710","3rd","Male","Adult","No"
"P0711","3rd","Male","Adult","No"
"P0712","Crew","Male","Adult","No"
"P0713","Crew","Male","Adult","No"
"P0714","Crew","Male","Adult","No"
"P0715","Crew","Male","Adult","No"
"P0716","Crew","Male","Adult","No"
"P0717","Crew","Male","Adult","No"
"P0718","Crew","Male","Adult","No"
"P0719","Crew","Male","Adult","No"
"P0720","Crew","Male","Adult","No"
"P0721","Crew","Male","Adult","No"
"P0722","Crew","Male","Adult","No"
"P0723","Crew","Male","Adult","No"
"P0724","Crew","Male","Adult","No"
"P0725","Crew","Male","Adult","No"
"P0726","Crew","Male","Adult","No"
"P0727","Crew","Male","Adult","No"
"P0728","Crew","Male","Adult","No"
"P0729","Crew","Male","Adult","No"
"P0730","Crew","Male","Adult","No"
"P0731","Crew","Male","Adult","No"
"P0732","Crew","Male","Adult","No"
"P0733","Crew","Male","Adult","No"
"P0734","Crew","Male","Adult","No"
"P0735","Crew","Male","Adult","No"
"P0736","Crew","Male","Adult","No"
"P0737","Crew","Male","Adult","No"
"P0738","Crew","Male","Adult","No"
"P0739","Crew","Male","Adult","No"
"P0740","Crew","Male","Adult","No"
"P0741","Crew","Male","Adult","No"
"P0742","Crew","Male","Adult","No"
"P0743","Crew","Male","Adult","No"
"P0744","Crew","Male","Adult","No"
"P0745","Crew","Male","Adult","No"
"P0746","Crew","Male","Adult","No"
"P0747","Crew","Male","Adult","No"
"P0748","Crew","Male","Adult","No"
"P0749","Crew","Male","Adult","No"
"P0750","Crew","Male","Adult","No"
"P0751","Crew","Male","Adult","No"
"P0752","Crew","Male","Adult","No"
"P0753","Crew","Male","Adult","No"
"P0754","Crew","Male","Adult","No"
"P0755","Crew","Male","Adult","No"
"P0756","Crew","Male","Adult","No"
"P0757","Crew","Male","Adult","No"
"P0758","Crew","Male","Adult","No"
"P0759","Crew","Male","Adult","No"
"P0760","Crew","Male","Adult","No"
"P0761","Crew","Male","Adult","No"
"P0762","Crew","Male","Adult","No"
"P0763","Crew","Male","Adult","No"
"P0764","Crew","Male","Adult","No"
"P0765","Crew","Male","Adult","No"
"P0766","Crew","Male","Adult","No"
"P0767","Crew","Male","Adult","No"
"P0768","Crew","Male","Adult","No"
"P0769","Crew","Male","Adult","No"
"P0770","Crew","Male","Adult","No"
"P0771","Crew","Male","Adult","No"
"P0772","Crew","Male","Adult","No"
"P0773","Crew","Male","Adult","No"
"P0774","Crew","Male","Adult","No"
"P0775","Crew","Male","Adult","No"
"P0776","Crew","Male","Adult","No"
"P0777","Crew","Male","Adult","No"
"P0778","Crew","Male","Adult","No"
"P0779","Crew","Male","Adult","No"
"P0780","Crew","Male","Adult","No"
"P0781","Crew","Male","Adult","No"
"P0782","Crew","Male","Adult","No"
"P0783","Crew","Male","Adult","No"
"P0784","Crew","Male","Adult","No"
"P0785","Crew","Male","Adult","No"
"P0786","Crew","Male","Adult","No"
"P0787","Crew","Male","Adult","No"
"P0788","Crew","Male","Adult","No"
"P0789","Crew","Male","Adult","No"
"P0790","Crew","Male","Adult","No"
"P0791","Crew","Male","Adult","No"
"P0792","Crew","Male","Adult","No"
"P0793","Crew","Male","Adult","No"
"P0794","Crew","Male","Adult","No"
"P0795","Crew","Male","Adult","No"
"P0796","Crew","Male","Adult","No"
"P0797","Crew","Male","Adult","No"
"P0798","Crew","Male","Adult","No"
"P0799","Crew","Male","Adult","No"
"P0800","Crew","Male","Adult","No"
"P0801","Crew","Male","Adult","No"
"P0802","Crew","Male","Adult","No"
"P0803","Crew","Male","Adult","No"
"P0804","Crew","Male","Adult","No"
"P0805","Crew","Male","Adult","No"
"P0806","Crew","Male","Adult","No"
"P0807","Crew","Male","Adult","No"
"P0808","Crew","Male","Adult","No"
"P0809","Crew","Male","Adult","No"
"P0810","Crew","Male","Adult","No"
"P0811","Crew","Male","Adult","No"
"P0812","Crew","Male","Adult","No"
"P0813","Crew","Male","Adult","No"
"P0814","Crew","Male","Adult","No"
"P0815","Crew","Male","Adult","No"
"P0816","Crew","Male","Adult","No"
"P0817","Crew","Male","Adult","No"
"P0818","Crew","Male","Adult","No"
"P0819","Crew","Male","Adult","No"
"P0820","Crew","Male","Adult","No"
"P0821","Crew","Male","Adult","No"
"P0822","Crew","Male","Adult","No"
"P0823","Crew","Male","Adult","No"
"P0824","Crew","Male","Adult","No"
"P0825","Crew","Male","Adult","No"
"P0826","Crew","Male","Adult","No"
"P0827","Crew","Male","Adult","No"
"P0828","Crew","Male","Adult","No"
"P0829","Crew","Male","Adult","No"
"P0830","Crew","Male","Adult","No"
"P0831","Crew","Male","Adult","No"
"P0832","Crew","Male","Adult","No"
"P0833","Crew","Male","Adult","No"
"P0834","Crew","Male","Adult","No"
"P0835","Crew","Male","Adult","No"
"P0836","Crew","Male","Adult","No"
"P0837","Crew","Male","Adult","No"
"P0838","Crew","Male","Adult","No"
"P0839","Crew","Male","Adult","No"
"P0840","Crew","Male","Adult","No"
"P0841","Crew","Male","Adult","No"
"P0842","Crew","Male","Adult","No"
"P0843","Crew","Male","Adult","No"
"P0844","Crew","Male","Adult","No"
"P0845","Crew","Male","Adult","No"
"P0846","Crew","Male","Adult","No"
"P0847","Crew","Male","Adult","No"
"P0848","Crew","Male","Adult","No"
"P0849","Crew","Male","Adult","No"
"P0850","Crew","Male","Adult","No"
"P0851","Crew","Male","Adult","No"
"P0852","Crew","Male","Adult","No"
"P0853","Crew","Male","Adult","No"
"P0854","Crew","Male","Adult","No"
"P0855","Crew","Male","Adult","No"
"P0856","Crew","Male","Adult","No"
"P0857","Crew","Male","Adult","No"
"P0858","Crew","Male","Adult","No"
"P0859","Crew","Male","Adult","No"
"P0860","Crew","Male","Adult","No"
"P0861","Crew","Male","Adult","No"
"P0862","Crew","Male","Adult","No"
"P0863","Crew","Male","Adult","No"
"P0864","Crew","Male","Adult","No"
"P0865","Crew","Male","Adult","No"
"P0866","Crew","Male","Adult","No"
"P0867","Crew","Male","Adult","No"
"P0868","Crew","Male","Adult","No"
"P0869","Crew","Male","Adult","No"
"P0870","Crew","Male","Adult","No"
"P0871","Crew","Male","Adult","No"
"P0872","Crew","Male","Adult","No"
"P0873","Crew","Male","Adult","No"
"P0874","Crew","Male","Adult","No"
"P0875","Crew","Male","Adult","No"
"P0876","Crew","Male","Adult","No"
"P0877","Crew","Male","Adult","No"
"P0878","Crew","Male","Adult","No"
"P0879","Crew","Male","Adult","No"
"P0880","Crew","Male","Adult","No"
"P0881","Crew","Male","Adult","No"
"P0882","Crew","Male","Adult","No"
"P0883","Crew","Male","Adult","No"
"P0884","Crew","Male","Adult","No"
"P0885","Crew","Male","Adult","No"
"P0886","Crew","Male","Adult","No"
"P0887","Crew","Male","Adult","No"
"P0888","Crew","Male","Adult","No"
"P0889","Crew","Male","Adult","No"
"P0890","Crew","Male","Adult","No"
"P0891","Crew","Male","Adult","No"
"P0892","Crew","Male","Adult","No"
"P0893","Crew","Male","Adult","No"
"P0894","Crew","Male","Adult","No"
"P0895","Crew","Male","Adult","No"
"P0896","Crew","Male","Adult","No"
"P0897","Crew","Male","Adult","No"
"P0898","Crew","Male","Adult","No"
"P0899","Crew","Male","Adult","No"
"P0900","Crew","Male","Adult","No"
"P0901","Crew","Male","Adult","No"
"P0902","Crew","Male","Adult","No"
"P0903","Crew","Male","Adult","No"
"P0904","Crew","Male","Adult","No"
"P0905","Crew","Male","Adult","No"
"P0906","Crew","Male","Adult","No"
"P0907","Crew","Male","Adult","No"
"P0908","Crew","Male","Adult","No"
"P0909","Crew","Male","Adult","No"
"P0910","Crew","Male","Adult","No"
"P0911","Crew","Male","Adult","No"
"P0912","Crew","Male","Adult","No"
"P0913","Crew","Male","Adult","No"
"P0914","Crew","Male","Adult","No"
"P0915","Crew","Male","Adult","No"
"P0916","Crew","Male","Adult","No"
"P0917","Crew","Male","Adult","No"
"P0918","Crew","Male","Adult","No"
"P0919","Crew","Male","Adult","No"
"P0920","Crew","Male","Adult","No"
"P0921","Crew","Male","Adult","No"
"P0922","Crew","Male","Adult","No"
"P0923","Crew","Male","Adult","No"
"P0924","Crew","Male","Adult","No"
"P0925","Crew","Male","Adult","No"
"P0926","Crew","Male","Adult","No"
"P0927","Crew","Male","Adult","No"
"P0928","Crew","Male","Adult","No"
"P0929","Crew","Male","Adult","No"
"P0930","Crew","Male","Adult","No"
"P0931","Crew","Male","Adult","No"
"P0932","Crew","Male","Adult","No"
"P0933","Crew","Male","Adult","No"
"P0934","Crew","Male","Adult","No"
"P0935","Crew","Male","Adult","No"
"P0936","Crew","Male","Adult","No"
"P0937","Crew","Male","Adult","No"
"P0938","Crew","Male","Adult","No"
"P0939","Crew","Male","Adult","No"
"P0940","Crew","Male","Adult","No"
"P0941","Crew","Male","Adult","No"
"P0942","Crew","Male","Adult","No"
"P0943","Crew","Male","Adult","No"
"P0944","Crew","Male","Adult","No"
"P0945","Crew","Male","Adult","No"
"P0946","Crew","Male","Adult","No"
"P0947","Crew","Male","Adult","No"
"P0948","Crew","Male","Adult","No"
"P0949","Crew","Male","Adult","No"
"P0950","Crew","Male","Adult","No"
"P0951","Crew","Male","Adult","No"
"P0952","Crew","Male","Adult","No"
"P0953","Crew","Male","Adult","No"
"P0954","Crew","Male","Adult","No"
"P0955","Crew","Male","Adult","No"
"P0956","Crew","Male","Adult","No"
"P0957","Crew","Male","Adult","No"
"P0958","Crew","Male","Adult","No"
"P0959","Crew","Male","Adult","No"
"P0960","Crew","Male","Adult","No"
"P0961","Crew","Male","Adult","No"
"P0962","Crew","Male","Adult","No"
"P0963","Crew","Male","Adult","No"
"P0964","Crew","Male","Adult","No"
"P0965","Crew","Male","Adult","No"
"P0966","Crew","Male","Adult","No"
"P0967","Crew","Male","Adult","No"
"P0968","Crew","Male","Adult","No"
"P0969","Crew","Male","Adult","No"
"P0970","Crew","Male","Adult","No"
"P0971","Crew","Male","Adult","No"
"P0972","Crew","Male","Adult","No"
"P0973","Crew","Male","Adult","No"
"P0974","Crew","Male","Adult","No"
"P0975","Crew","Male","Adult","No"
"P0976","Crew","Male","Adult","No"
"P0977","Crew","Male","Adult","No"
"P0978","Crew","Male","Adult","No"
"P0979","Crew","Male","Adult","No"
"P0980","Crew","Male","Adult","No"
"P0981","Crew","Male","Adult","No"
"P0982","Crew","Male","Adult","No"
"P0983","Crew","Male","Adult","No"
"P0984","Crew","Male","Adult","No"
"P0985","Crew","Male","Adult","No"
"P0986","Crew","Male","Adult","No"
"P0987","Crew","Male","Adult","No"
"P0988","Crew","Male","Adult","No"
"P0989","Crew","Male","Adult","No"
"P0990","Crew","Male","Adult","No"
"P0991","Crew","Male","Adult","No"
"P0992","Crew","Male","Adult","No"
"P0993","Crew","Male","Adult","No"
"P0994","Crew","Male","Adult","No"
"P0995","Crew","Male","Adult","No"
"P0996","Crew","Male","Adult","No"
"P0997","Crew","Male","Adult","No"
"P0998","Crew","Male","Adult","No"
"P0999","Crew","Male","Adult","No"
"P1000","Crew","Male","Adult","No"
"P1001","Crew","Male","Adult","No"
"P1002","Crew","Male","Adult","No"
"P1003","Crew","Male","Adult","No"
"P1004","Crew","Male","Adult","No"
"P1005","Crew","Male","Adult","No"
"P1006","Crew","Male","Adult","No"
"P1007","Crew","Male","Adult","No"
"P1008","Crew","Male","Adult","No"
"P1009","Crew","Male","Adult","No"
"P1010","Crew","Male","Adult","No"
"P1011","Crew","Male","Adult","No"
"P1012","Crew","Male","Adult","No"
"P1013","Crew","Male","Adult","No"
"P1014","Crew","Male","Adult","No"
"P1015","Crew","Male","Adult","No"
"P1016","Crew","Male","Adult","No"
"P1017","Crew","Male","Adult","No"
"P1018","Crew","Male","Adult","No"
"P1019","Crew","Male","Adult","No"
"P1020","Crew","Male","Adult","No"
"P1021","Crew","Male","Adult","No"
"P1022","Crew","Male","Adult","No"
"P1023","Crew","Male","Adult","No"
"P1024","Crew","Male","Adult","No"
"P1025","Crew","Male","Adult","No"
"P1026","Crew","Male","Adult","No"
"P1027","Crew","Male","Adult","No"
"P1028","Crew","Male","Adult","No"
"P1029","Crew","Male","Adult","No"
"P1030","Crew","Male","Adult","No"
"P1031","Crew","Male","Adult","No"
"P1032","Crew","Male","Adult","No"
"P1033","Crew","Male","Adult","No"
"P1034","Crew","Male","Adult","No"
"P1035","Crew","Male","Adult","No"
"P1036","Crew","Male","Adult","No"
"P1037","Crew","Male","Adult","No"
"P1038","Crew","Male","Adult","No"
"P1039","Crew","Male","Adult","No"
"P1040","Crew","Male","Adult","No"
"P1041","Crew","Male","Adult","No"
"P1042","Crew","Male","Adult","No"
"P1043","Crew","Male","Adult","No"
"P1044","Crew","Male","Adult","No"
"P1045","Crew","Male","Adult","No"
"P1046","Crew","Male","Adult","No"
"P1047","Crew","Male","Adult","No"
"P1048","Crew","Male","Adult","No"
"P1049","Crew","Male","Adult","No"
"P1050","Crew","Male","Adult","No"
"P1051","Crew","Male","Adult","No"
"P1052","Crew","Male","Adult","No"
"P1053","Crew","Male","Adult","No"
"P1054","Crew","Male","Adult","No"
"P1055","Crew","Male","Adult","No"
"P1056","Crew","Male","Adult","No"
"P1057","Crew","Male","Adult","No"
"P1058","Crew","Male","Adult","No"
"P1059","Crew","Male","Adult","No"
"P1060","Crew","Male","Adult","No"
"P1061","Crew","Male","Adult","No"
"P1062","Crew","Male","Adult","No"
"P1063","Crew","Male","Adult","No"
"P1064","Crew","Male","Adult","No"
"P1065","Crew","Male","Adult","No"
"P1066","Crew","Male","Adult","No"
"P1067","Crew","Male","Adult","No"
"P1068","Crew","Male","Adult","No"
"P1069","Crew","Male","Adult","No"
"P1070","Crew","Male","Adult","No"
"P1071","Crew","Male","Adult","No"
"P1072","Crew","Male","Adult","No"
"P1073","Crew","Male","Adult","No"
"P1074","Crew","Male","Adult","No"
"P1075","Crew","Male","Adult","No"
"P1076","Crew","Male","Adult","No"
"P1077","Crew","Male","Adult","No"
"P1078","Crew","Male","Adult","No"
"P1079","Crew","Male","Adult","No"
"P1080","Crew","Male","Adult","No"
"P1081","Crew","Male","Adult","No"
"P1082","Crew","Male","Adult","No"
"P1083","Crew","Male","Adult","No"
"P1084","Crew","Male","Adult","No"
"P1085","Crew","Male","Adult","No"
"P1086","Crew","Male","Adult","No"
"P1087","Crew","Male","Adult","No"
"P1088","Crew","Male","Adult","No"
"P1089","Crew","Male","Adult","No"
"P1090","Crew","Male","Adult","No"
"P1091","Crew","Male","Adult","No"
"P1092","Crew","Male","Adult","No"
"P1093","Crew","Male","Adult","No"
"P1094","Crew","Male","Adult","No"
"P1095","Crew","Male","Adult","No"
"P1096","Crew","Male","Adult","No"
"P1097","Crew","Male","Adult","No"
"P1098","Crew","Male","Adult","No"
"P1099","Crew","Male","Adult","No"
"P1100","Crew","Male","Adult","No"
"P1101","Crew","Male","Adult","No"
"P1102","Crew","Male","Adult","No"
"P1103","Crew","Male","Adult","No"
"P1104","Crew","Male","Adult","No"
"P1105","Crew","Male","Adult","No"
"P1106","Crew","Male","Adult","No"
"P1107","Crew","Male","Adult","No"
"P1108","Crew","Male","Adult","No"
"P1109","Crew","Male","Adult","No"
"P1110","Crew","Male","Adult","No"
"P1111","Crew","Male","Adult","No"
"P1112","Crew","Male","Adult","No"
"P1113","Crew","Male","Adult","No"
"P1114","Crew","Male","Adult","No"
"P1115","Crew","Male","Adult","No"
"P1116","Crew","Male","Adult","No"
"P1117","Crew","Male","Adult","No"
"P1118","Crew","Male","Adult","No"
"P1119","Crew","Male","Adult","No"
"P1120","Crew","Male","Adult","No"
"P1121","Crew","Male","Adult","No"
"P1122","Crew","Male","Adult","No"
"P1123","Crew","Male","Adult","No"
"P1124","Crew","Male","Adult","No"
"P1125","Crew","Male","Adult","No"
"P1126","Crew","Male","Adult","No"
"P1127","Crew","Male","Adult","No"
"P1128","Crew","Male","Adult","No"
"P1129","Crew","Male","Adult","No"
"P1130","Crew","Male","Adult","No"
"P1131","Crew","Male","Adult","No"
"P1132","Crew","Male","Adult","No"
"P1133","Crew","Male","Adult","No"
"P1134","Crew","Male","Adult","No"
"P1135","Crew","Male","Adult","No"
"P1136","Crew","Male","Adult","No"
"P1137","Crew","Male","Adult","No"
"P1138","Crew","Male","Adult","No"
"P1139","Crew","Male","Adult","No"
"P1140","Crew","Male","Adult","No"
"P1141","Crew","Male","Adult","No"
"P1142","Crew","Male","Adult","No"
"P1143","Crew","Male","Adult","No"
"P1144","Crew","Male","Adult","No"
"P1145","Crew","Male","Adult","No"
"P1146","Crew","Male","Adult","No"
"P1147","Crew","Male","Adult","No"
"P1148","Crew","Male","Adult","No"
"P1149","Crew","Male","Adult","No"
"P1150","Crew","Male","Adult","No"
"P1151","Crew","Male","Adult","No"
"P1152","Crew","Male","Adult","No"
"P1153","Crew","Male","Adult","No"
"P1154","Crew","Male","Adult","No"
"P1155","Crew","Male","Adult","No"
"P1156","Crew","Male","Adult","No"
"P1157","Crew","Male","Adult","No"
"P1158","Crew","Male","Adult","No"
"P1159","Crew","Male","Adult","No"
"P1160","Crew","Male","Adult","No"
"P1161","Crew","Male","Adult","No"
"P1162","Crew","Male","Adult","No"
"P1163","Crew","Male","Adult","No"
"P1164","Crew","Male","Adult","No"
"P1165","Crew","Male","Adult","No"
"P1166","Crew","Male","Adult","No"
"P1167","Crew","Male","Adult","No"
"P1168","Crew","Male","Adult","No"
"P1169","Crew","Male","Adult","No"
"P1170","Crew","Male","Adult","No"
"P1171","Crew","Male","Adult","No"
"P1172","Crew","Male","Adult","No"
"P1173","Crew","Male","Adult","No"
"P1174","Crew","Male","Adult","No"
"P1175","Crew","Male","Adult","No"
"P1176","Crew","Male","Adult","No"
"P1177","Crew","Male","Adult","No"
"P1178","Crew","Male","Adult","No"
"P1179","Crew","Male","Adult","No"
"P1180","Crew","Male","Adult","No"
"P1181","Crew","Male","Adult","No"
"P1182","Crew","Male","Adult","No"
"P1183","Crew","Male","Adult","No"
"P1184","Crew","Male","Adult","No"
"P1185","Crew","Male","Adult","No"
"P1186","Crew","Male","Adult","No"
"P1187","Crew","Male","Adult","No"
"P1188","Crew","Male","Adult","No"
"P1189","Crew","Male","Adult","No"
"P1190","Crew","Male","Adult","No"
"P1191","Crew","Male","Adult","No"
"P1192","Crew","Male","Adult","No"
"P1193","Crew","Male","Adult","No"
"P1194","Crew","Male","Adult","No"
"P1195","Crew","Male","Adult","No"
"P1196","Crew","Male","Adult","No"
"P1197","Crew","Male","Adult","No"
"P1198","Crew","Male","Adult","No"
"P1199","Crew","Male","Adult","No"
"P1200","Crew","Male","Adult","No"
"P1201","Crew","Male","Adult","No"
"P1202","Crew","Male","Adult","No"
"P1203","Crew","Male","Adult","No"
"P1204","Crew","Male","Adult","No"
"P1205","Crew","Male","Adult","No"
"P1206","Crew","Male","Adult","No"
"P1207","Crew","Male","Adult","No"
"P1208","Crew","Male","Adult","No"
"P1209","Crew","Male","Adult","No"
"P1210","Crew","Male","Adult","No"
"P1211","Crew","Male","Adult","No"
"P1212","Crew","Male","Adult","No"
"P1213","Crew","Male","Adult","No"
"P1214","Crew","Male","Adult","No"
"P1215","Crew","Male","Adult","No"
"P1216","Crew","Male","Adult","No"
"P1217","Crew","Male","Adult","No"
"P1218","Crew","Male","Adult","No"
"P1219","Crew","Male","Adult","No"
"P1220","Crew","Male","Adult","No"
"P1221","Crew","Male","Adult","No"
"P1222","Crew","Male","Adult","No"
"P1223","Crew","Male","Adult","No"
"P1224","Crew","Male","Adult","No"
"P1225","Crew","Male","Adult","No"
"P1226","Crew","Male","Adult","No"
"P1227","Crew","Male","Adult","No"
"P1228","Crew","Male","Adult","No"
"P1229","Crew","Male","Adult","No"
"P1230","Crew","Male","Adult","No"
"P1231","Crew","Male","Adult","No"
"P1232","Crew","Male","Adult","No"
"P1233","Crew","Male","Adult","No"
"P1234","Crew","Male","Adult","No"
"P1235","Crew","Male","Adult","No"
"P1236","Crew","Male","Adult","No"
"P1237","Crew","Male","Adult","No"
"P1238","Crew","Male","Adult","No"
"P1239","Crew","Male","Adult","No"
"P1240","Crew","Male","Adult","No"
"P1241","Crew","Male","Adult","No"
"P1242","Crew","Male","Adult","No"
"P1243","Crew","Male","Adult","No"
"P1244","Crew","Male","Adult","No"
"P1245","Crew","Male","Adult","No"
"P1246","Crew","Male","Adult","No"
"P1247","Crew","Male","Adult","No"
"P1248","Crew","Male","Adult","No"
"P1249","Crew","Male","Adult","No"
"P1250","Crew","Male","Adult","No"
"P1251","Crew","Male","Adult","No"
"P1252","Crew","Male","Adult","No"
"P1253","Crew","Male","Adult","No"
"P1254","Crew","Male","Adult","No"
"P1255","Crew","Male","Adult","No"
"P1256","Crew","Male","Adult","No"
"P1257","Crew","Male","Adult","No"
"P1258","Crew","Male","Adult","No"
"P1259","Crew","Male","Adult","No"
"P1260","Crew","Male","Adult","No"
"P1261","Crew","Male","Adult","No"
"P1262","Crew","Male","Adult","No"
"P1263","Crew","Male","Adult","No"
"P1264","Crew","Male","Adult","No"
"P1265","Crew","Male","Adult","No"
"P1266","Crew","Male","Adult","No"
"P1267","Crew","Male","Adult","No"
"P1268","Crew","Male","Adult","No"
"P1269","Crew","Male","Adult","No"
"P1270","Crew","Male","Adult","No"
"P1271","Crew","Male","Adult","No"
"P1272","Crew","Male","Adult","No"
"P1273","Crew","Male","Adult","No"
"P1274","Crew","Male","Adult","No"
"P1275","Crew","Male","Adult","No"
"P1276","Crew","Male","Adult","No"
"P1277","Crew","Male","Adult","No"
"P1278","Crew","Male","Adult","No"
"P1279","Crew","Male","Adult","No"
"P1280","Crew","Male","Adult","No"
"P1281","Crew","Male","Adult","No"
"P1282","Crew","Male","Adult","No"
"P1283","Crew","Male","Adult","No"
"P1284","Crew","Male","Adult","No"
"P1285","Crew","Male","Adult","No"
"P1286","Crew","Male","Adult","No"
"P1287","Crew","Male","Adult","No"
"P1288","Crew","Male","Adult","No"
"P1289","Crew","Male","Adult","No"
"P1290","Crew","Male","Adult","No"
"P1291","Crew","Male","Adult","No"
"P1292","Crew","Male","Adult","No"
"P1293","Crew","Male","Adult","No"
"P1294","Crew","Male","Adult","No"
"P1295","Crew","Male","Adult","No"
"P1296","Crew","Male","Adult","No"
"P1297","Crew","Male","Adult","No"
"P1298","Crew","Male","Adult","No"
"P1299","Crew","Male","Adult","No"
"P1300","Crew","Male","Adult","No"
"P1301","Crew","Male","Adult","No"
"P1302","Crew","Male","Adult","No"
"P1303","Crew","Male","Adult","No"
"P1304","Crew","Male","Adult","No"
"P1305","Crew","Male","Adult","No"
"P1306","Crew","Male","Adult","No"
"P1307","Crew","Male","Adult","No"
"P1308","Crew","Male","Adult","No"
"P1309","Crew","Male","Adult","No"
"P1310","Crew","Male","Adult","No"
"P1311","Crew","Male","Adult","No"
"P1312","Crew","Male","Adult","No"
"P1313","Crew","Male","Adult","No"
"P1314","Crew","Male","Adult","No"
"P1315","Crew","Male","Adult","No"
"P1316","Crew","Male","Adult","No"
"P1317","Crew","Male","Adult","No"
"P1318","Crew","Male","Adult","No"
"P1319","Crew","Male","Adult","No"
"P1320","Crew","Male","Adult","No"
"P1321","Crew","Male","Adult","No"
"P1322","Crew","Male","Adult","No"
"P1323","Crew","Male","Adult","No"
"P1324","Crew","Male","Adult","No"
"P1325","Crew","Male","Adult","No"
"P1326","Crew","Male","Adult","No"
"P1327","Crew","Male","Adult","No"
"P1328","Crew","Male","Adult","No"
"P1329","Crew","Male","Adult","No"
"P1330","Crew","Male","Adult","No"
"P1331","Crew","Male","Adult","No"
"P1332","Crew","Male","Adult","No"
"P1333","Crew","Male","Adult","No"
"P1334","Crew","Male","Adult","No"
"P1335","Crew","Male","Adult","No"
"P1336","Crew","Male","Adult","No"
"P1337","Crew","Male","Adult","No"
"P1338","Crew","Male","Adult","No"
"P1339","Crew","Male","Adult","No"
"P1340","Crew","Male","Adult","No"
"P1341","Crew","Male","Adult","No"
"P1342","Crew","Male","Adult","No"
"P1343","Crew","Male","Adult","No"
"P1344","Crew","Male","Adult","No"
"P1345","Crew","Male","Adult","No"
"P1346","Crew","Male","Adult","No"
"P1347","Crew","Male","Adult","No"
"P1348","Crew","Male","Adult","No"
"P1349","Crew","Male","Adult","No"
"P1350","Crew","Male","Adult","No"
"P1351","Crew","Male","Adult","No"
"P1352","Crew","Male","Adult","No"
"P1353","Crew","Male","Adult","No"
"P1354","Crew","Male","Adult","No"
"P1355","Crew","Male","Adult","No"
"P1356","Crew","Male","Adult","No"
"P1357","Crew","Male","Adult","No"
"P1358","Crew","Male","Adult","No"
"P1359","Crew","Male","Adult","No"
"P1360","Crew","Male","Adult","No"
"P1361","Crew","Male","Adult","No"
"P1362","Crew","Male","Adult","No"
"P1363","Crew","Male","Adult","No"
"P1364","Crew","Male","Adult","No"
"P1365","Crew","Male","Adult","No"
"P1366","Crew","Male","Adult","No"
"P1367","Crew","Male","Adult","No"
"P1368","Crew","Male","Adult","No"
"P1369","Crew","Male","Adult","No"
"P1370","Crew","Male","Adult","No"
"P1371","Crew","Male","Adult","No"
"P1372","Crew","Male","Adult","No"
"P1373","Crew","Male","Adult","No"
"P1374","Crew","Male","Adult","No"
"P1375","Crew","Male","Adult","No"
"P1376","Crew","Male","Adult","No"
"P1377","Crew","Male","Adult","No"
"P1378","Crew","Male","Adult","No"
"P1379","Crew","Male","Adult","No"
"P1380","Crew","Male","Adult","No"
"P1381","Crew","Male","Adult","No"
"P1382","1st","Female","Adult","No"
"P1383","1st","Female","Adult","No"
"P1384","1st","Female","Adult","No"
"P1385","1st","Female","Adult","No"
"P1386","2nd","Female","Adult","No"
"P1387","2nd","Female","Adult","No"
"P1388","2nd","Female","Adult","No"
"P1389","2nd","Female","Adult","No"
"P1390","2nd","Female","Adult","No"
"P1391","2nd","Female","Adult","No"
"P1392","2nd","Female","Adult","No"
"P1393","2nd","Female","Adult","No"
"P1394","2nd","Female","Adult","No"
"P1395","2nd","Female","Adult","No"
"P1396","2nd","Female","Adult","No"
"P1397","2nd","Female","Adult","No"
"P1398","2nd","Female","Adult","No"
"P1399","3rd","Female","Adult","No"
"P1400","3rd","Female","Adult","No"
"P1401","3rd","Female","Adult","No"
"P1402","3rd","Female","Adult","No"
"P1403","3rd","Female","Adult","No"
"P1404","3rd","Female","Adult","No"
"P1405","3rd","Female","Adult","No"
"P1406","3rd","Female","Adult","No"
"P1407","3rd","Female","Adult","No"
"P1408","3rd","Female","Adult","No"
"P1409","3rd","Female","Adult","No"
"P1410","3rd","Female","Adult","No"
"P1411","3rd","Female","Adult","No"
"P1412","3rd","Female","Adult","No"
"P1413","3rd","Female","Adult","No"
"P1414","3rd","Female","Adult","No"
"P1415","3rd","Female","Adult","No"
"P1416","3rd","Female","Adult","No"
"P1417","3rd","Female","Adult","No"
"P1418","3rd","Female","Adult","No"
"P1419","3rd","Female","Adult","No"
"P1420","3rd","Female","Adult","No"
"P1421","3rd","Female","Adult","No"
"P1422","3rd","Female","Adult","No"
"P1423","3rd","Female","Adult","No"
"P1424","3rd","Female","Adult","No"
"P1425","3rd","Female","Adult","No"
"P1426","3rd","Female","Adult","No"
"P1427","3rd","Female","Adult","No"
"P1428","3rd","Female","Adult","No"
"P1429","3rd","Female","Adult","No"
"P1430","3rd","Female","Adult","No"
"P1431","3rd","Female","Adult","No"
"P1432","3rd","Female","Adult","No"
"P1433","3rd","Female","Adult","No"
"P1434","3rd","Female","Adult","No"
"P1435","3rd","Female","Adult","No"
"P1436","3rd","Female","Adult","No"
"P1437","3rd","Female","Adult","No"
"P1438","3rd","Female","Adult","No"
"P1439","3rd","Female","Adult","No"
"P1440","3rd","Female","Adult","No"
"P1441","3rd","Female","Adult","No"
"P1442","3rd","Female","Adult","No"
"P1443","3rd","Female","Adult","No"
"P1444","3rd","Female","Adult","No"
"P1445","3rd","Female","Adult","No"
"P1446","3rd","Female","Adult","No"
"P1447","3rd","Female","Adult","No"
"P1448","3rd","Female","Adult","No"
"P1449","3rd","Female","Adult","No"
"P1450","3rd","Female","Adult","No"
"P1451","3rd","Female","Adult","No"
"P1452","3rd","Female","Adult","No"
"P1453","3rd","Female","Adult","No"
"P1454","3rd","Female","Adult","No"
"P1455","3rd","Female","Adult","No"
"P1456","3rd","Female","Adult","No"
"P1457","3rd","Female","Adult","No"
"P1458","3rd","Female","Adult","No"
"P1459","3rd","Female","Adult","No"
"P1460","3rd","Female","Adult","No"
"P1461","3rd","Female","Adult","No"
"P1462","3rd","Female","Adult","No"
"P1463","3rd","Female","Adult","No"
"P1464","3rd","Female","Adult","No"
"P1465","3rd","Female","Adult","No"
"P1466","3rd","Female","Adult","No"
"P1467","3rd","Female","Adult","No"
"P1468","3rd","Female","Adult","No"
"P1469","3rd","Female","Adult","No"
"P1470","3rd","Female","Adult","No"
"P1471","3rd","Female","Adult","No"
"P1472","3rd","Female","Adult","No"
"P1473","3rd","Female","Adult","No"
"P1474","3rd","Female","Adult","No"
"P1475","3rd","Female","Adult","No"
"P1476","3rd","Female","Adult","No"
"P1477","3rd","Female","Adult","No"
"P1478","3rd","Female","Adult","No"
"P1479","3rd","Female","Adult","No"
"P1480","3rd","Female","Adult","No"
"P1481","3rd","Female","Adult","No"
"P1482","3rd","Female","Adult","No"
"P1483","3rd","Female","Adult","No"
"P1484","3rd","Female","Adult","No"
"P1485","3rd","Female","Adult","No"
"P1486","3rd","Female","Adult","No"
"P1487","3rd","Female","Adult","No"
"P1488","Crew","Female","Adult","No"
"P1489","Crew","Female","Adult","No"
"P1490","Crew","Female","Adult","No"
"P1491","1st","Male","Child","Yes"
"P1492","1st","Male","Child","Yes"
"P1493","1st","Male","Child","Yes"
"P1494","1st","Male","Child","Yes"
"P1495","1st","Male","Child","Yes"
"P1496","2nd","Male","Child","Yes"
"P1497","2nd","Male","Child","Yes"
"P1498","2nd","Male","Child","Yes"
"P1499","2nd","Male","Child","Yes"
"P1500","2nd","Male","Child","Yes"
"P1501","2nd","Male","Child","Yes"
"P1502","2nd","Male","Child","Yes"
"P1503","2nd","Male","Child","Yes"
"P1504","2nd","Male","Child","Yes"
"P1505","2nd","Male","Child","Yes"
"P1506","2nd","Male","Child","Yes"
"P1507","3rd","Male","Child","Yes"
"P1508","3rd","Male","Child","Yes"
"P1509","3rd","Male","Child","Yes"
"P1510","3rd","Male","Child","Yes"
"P1511","3rd","Male","Child","Yes"
"P1512","3rd","Male","Child","Yes"
"P1513","3rd","Male","Child","Yes"
"P1514","3rd","Male","Child","Yes"
"P1515","3rd","Male","Child","Yes"
"P1516","3rd","Male","Child","Yes"
"P1517","3rd","Male","Child","Yes"
"P1518","3rd","Male","Child","Yes"
"P1519","3rd","Male","Child","Yes"
"P1520","1st","Female","Child","Yes"
"P1521","2nd","Female","Child","Yes"
"P1522","2nd","Female","Child","Yes"
"P1523","2nd","Female","Child","Yes"
"P1524","2nd","Female","Child","Yes"
"P1525","2nd","Female","Child","Yes"
"P1526","2nd","Female","Child","Yes"
"P1527","2nd","Female","Child","Yes"
"P1528","2nd","Female","Child","Yes"
"P1529","2nd","Female","Child","Yes"
"P1530","2nd","Female","Child","Yes"
"P1531","2nd","Female","Child","Yes"
"P1532","2nd","Female","Child","Yes"
"P1533","2nd","Female","Child","Yes"
"P1534","3rd","Female","Child","Yes"
"P1535","3rd","Female","Child","Yes"
"P1536","3rd","Female","Child","Yes"
"P1537","3rd","Female","Child","Yes"
"P1538","3rd","Female","Child","Yes"
"P1539","3rd","Female","Child","Yes"
"P1540","3rd","Female","Child","Yes"
"P1541","3rd","Female","Child","Yes"
"P1542","3rd","Female","Child","Yes"
"P1543","3rd","Female","Child","Yes"
"P1544","3rd","Female","Child","Yes"
"P1545","3rd","Female","Child","Yes"
"P1546","3rd","Female","Child","Yes"
"P1547","3rd","Female","Child","Yes"
"P1548","1st","Male","Adult","Yes"
"P1549","1st","Male","Adult","Yes"
"P1550","1st","Male","Adult","Yes"
"P1551","1st","Male","Adult","Yes"
"P1552","1st","Male","Adult","Yes"
"P1553","1st","Male","Adult","Yes"
"P1554","1st","Male","Adult","Yes"
"P1555","1st","Male","Adult","Yes"
"P1556","1st","Male","Adult","Yes"
"P1557","1st","Male","Adult","Yes"
"P1558","1st","Male","Adult","Yes"
"P1559","1st","Male","Adult","Yes"
"P1560","1st","Male","Adult","Yes"
"P1561","1st","Male","Adult","Yes"
"P1562","1st","Male","Adult","Yes"
"P1563","1st","Male","Adult","Yes"
"P1564","1st","Male","Adult","Yes"
"P1565","1st","Male","Adult","Yes"
"P1566","1st","Male","Adult","Yes"
"P1567","1st","Male","Adult","Yes"
"P1568","1st","Male","Adult","Yes"
"P1569","1st","Male","Adult","Yes"
"P1570","1st","Male","Adult","Yes"
"P1571","1st","Male","Adult","Yes"
"P1572","1st","Male","Adult","Yes"
"P1573","1st","Male","Adult","Yes"
"P1574","1st","Male","Adult","Yes"
"P1575","1st","Male","Adult","Yes"
"P1576","1st","Male","Adult","Yes"
"P1577","1st","Male","Adult","Yes"
"P1578","1st","Male","Adult","Yes"
"P1579","1st","Male","Adult","Yes"
"P1580","1st","Male","Adult","Yes"
"P1581","1st","Male","Adult","Yes"
"P1582","1st","Male","Adult","Yes"
"P1583","1st","Male","Adult","Yes"
"P1584","1st","Male","Adult","Yes"
"P1585","1st","Male","Adult","Yes"
"P1586","1st","Male","Adult","Yes"
"P1587","1st","Male","Adult","Yes"
"P1588","1st","Male","Adult","Yes"
"P1589","1st","Male","Adult","Yes"
"P1590","1st","Male","Adult","Yes"
"P1591","1st","Male","Adult","Yes"
"P1592","1st","Male","Adult","Yes"
"P1593","1st","Male","Adult","Yes"
"P1594","1st","Male","Adult","Yes"
"P1595","1st","Male","Adult","Yes"
"P1596","1st","Male","Adult","Yes"
"P1597","1st","Male","Adult","Yes"
"P1598","1st","Male","Adult","Yes"
"P1599","1st","Male","Adult","Yes"
"P1600","1st","Male","Adult","Yes"
"P1601","1st","Male","Adult","Yes"
"P1602","1st","Male","Adult","Yes"
"P1603","1st","Male","Adult","Yes"
"P1604","1st","Male","Adult","Yes"
"P1605","2nd","Male","Adult","Yes"
"P1606","2nd","Male","Adult","Yes"
"P1607","2nd","Male","Adult","Yes"
"P1608","2nd","Male","Adult","Yes"
"P1609","2nd","Male","Adult","Yes"
"P1610","2nd","Male","Adult","Yes"
"P1611","2nd","Male","Adult","Yes"
"P1612","2nd","Male","Adult","Yes"
"P1613","2nd","Male","Adult","Yes"
"P1614","2nd","Male","Adult","Yes"
"P1615","2nd","Male","Adult","Yes"
"P1616","2nd","Male","Adult","Yes"
"P1617","2nd","Male","Adult","Yes"
"P1618","2nd","Male","Adult","Yes"
"P1619","3rd","Male","Adult","Yes"
"P1620","3rd","Male","Adult","Yes"
"P1621","3rd","Male","Adult","Yes"
"P1622","3rd","Male","Adult","Yes"
"P1623","3rd","Male","Adult","Yes"
"P1624","3rd","Male","Adult","Yes"
"P1625","3rd","Male","Adult","Yes"
"P1626","3rd","Male","Adult","Yes"
"P1627","3rd","Male","Adult","Yes"
"P1628","3rd","Male","Adult","Yes"
"P1629","3rd","Male","Adult","Yes"
"P1630","3rd","Male","Adult","Yes"
"P1631","3rd","Male","Adult","Yes"
"P1632","3rd","Male","Adult","Yes"
"P1633","3rd","Male","Adult","Yes"
"P1634","3rd","Male","Adult","Yes"
"P1635","3rd","Male","Adult","Yes"
"P1636","3rd","Male","Adult","Yes"
"P1637","3rd","Male","Adult","Yes"
"P1638","3rd","Male","Adult","Yes"
"P1639","3rd","Male","Adult","Yes"
"P1640","3rd","Male","Adult","Yes"
"P1641","3rd","Male","Adult","Yes"
"P1642","3rd","Male","Adult","Yes"
"P1643","3rd","Male","Adult","Yes"
"P1644","3rd","Male","Adult","Yes"
"P1645","3rd","Male","Adult","Yes"
"P1646","3rd","Male","Adult","Yes"
"P1647","3rd","Male","Adult","Yes"
"P1648","3rd","Male","Adult","Yes"
"P1649","3rd","Male","Adult","Yes"
"P1650","3rd","Male","Adult","Yes"
"P1651","3rd","Male","Adult","Yes"
"P1652","3rd","Male","Adult","Yes"
"P1653","3rd","Male","Adult","Yes"
"P1654","3rd","Male","Adult","Yes"
"P1655","3rd","Male","Adult","Yes"
"P1656","3rd","Male","Adult","Yes"
"P1657","3rd","Male","Adult","Yes"
"P1658","3rd","Male","Adult","Yes"
"P1659","3rd","Male","Adult","Yes"
"P1660","3rd","Male","Adult","Yes"
"P1661","3rd","Male","Adult","Yes"
"P1662","3rd","Male","Adult","Yes"
"P1663","3rd","Male","Adult","Yes"
"P1664","3rd","Male","Adult","Yes"
"P1665","3rd","Male","Adult","Yes"
"P1666","3rd","Male","Adult","Yes"
"P1667","3rd","Male","Adult","Yes"
"P1668","3rd","Male","Adult","Yes"
"P1669","3rd","Male","Adult","Yes"
"P1670","3rd","Male","Adult","Yes"
"P1671","3rd","Male","Adult","Yes"
"P1672","3rd","Male","Adult","Yes"
"P1673","3rd","Male","Adult","Yes"
"P1674","3rd","Male","Adult","Yes"
"P1675","3rd","Male","Adult","Yes"
"P1676","3rd","Male","Adult","Yes"
"P1677","3rd","Male","Adult","Yes"
"P1678","3rd","Male","Adult","Yes"
"P1679","3rd","Male","Adult","Yes"
"P1680","3rd","Male","Adult","Yes"
"P1681","3rd","Male","Adult","Yes"
"P1682","3rd","Male","Adult","Yes"
"P1683","3rd","Male","Adult","Yes"
"P1684","3rd","Male","Adult","Yes"
"P1685","3rd","Male","Adult","Yes"
"P1686","3rd","Male","Adult","Yes"
"P1687","3rd","Male","Adult","Yes"
"P1688","3rd","Male","Adult","Yes"
"P1689","3rd","Male","Adult","Yes"
"P1690","3rd","Male","Adult","Yes"
"P1691","3rd","Male","Adult","Yes"
"P1692","3rd","Male","Adult","Yes"
"P1693","3rd","Male","Adult","Yes"
"P1694","Crew","Male","Adult","Yes"
"P1695","Crew","Male","Adult","Yes"
"P1696","Crew","Male","Adult","Yes"
"P1697","Crew","Male","Adult","Yes"
"P1698","Crew","Male","Adult","Yes"
"P1699","Crew","Male","Adult","Yes"
"P1700","Crew","Male","Adult","Yes"
"P1701","Crew","Male","Adult","Yes"
"P1702","Crew","Male","Adult","Yes"
"P1703","Crew","Male","Adult","Yes"
"P1704","Crew","Male","Adult","Yes"
"P1705","Crew","Male","Adult","Yes"
"P1706","Crew","Male","Adult","Yes"
"P1707","Crew","Male","Adult","Yes"
"P1708","Crew","Male","Adult","Yes"
"P1709","Crew","Male","Adult","Yes"
"P1710","Crew","Male","Adult","Yes"
"P1711","Crew","Male","Adult","Yes"
"P1712","Crew","Male","Adult","Yes"
"P1713","Crew","Male","Adult","Yes"
"P1714","Crew","Male","Adult","Yes"
"P1715","Crew","Male","Adult","Yes"
"P1716","Crew","Male","Adult","Yes"
"P1717","Crew","Male","Adult","Yes"
"P1718","Crew","Male","Adult","Yes"
"P1719","Crew","Male","Adult","Yes"
"P1720","Crew","Male","Adult","Yes"
"P1721","Crew","Male","Adult","Yes"
"P1722","Crew","Male","Adult","Yes"
"P1723","Crew","Male","Adult","Yes"
"P1724","Crew","Male","Adult","Yes"
"P1725","Crew","Male","Adult","Yes"
"P1726","Crew","Male","Adult","Yes"
"P1727","Crew","Male","Adult","Yes"
"P1728","Crew","Male","Adult","Yes"
"P1729","Crew","Male","Adult","Yes"
"P1730","Crew","Male","Adult","Yes"
"P1731","Crew","Male","Adult","Yes"
"P1732","Crew","Male","Adult","Yes"
"P1733","Crew","Male","Adult","Yes"
"P1734","Crew","Male","Adult","Yes"
"P1735","Crew","Male","Adult","Yes"
"P1736","Crew","Male","Adult","Yes"
"P1737","Crew","Male","Adult","Yes"
"P1738","Crew","Male","Adult","Yes"
"P1739","Crew","Male","Adult","Yes"
"P1740","Crew","Male","Adult","Yes"
"P1741","Crew","Male","Adult","Yes"
"P1742","Crew","Male","Adult","Yes"
"P1743","Crew","Male","Adult","Yes"
"P1744","Crew","Male","Adult","Yes"
"P1745","Crew","Male","Adult","Yes"
"P1746","Crew","Male","Adult","Yes"
"P1747","Crew","Male","Adult","Yes"
"P1748","Crew","Male","Adult","Yes"
"P1749","Crew","Male","Adult","Yes"
"P1750","Crew","Male","Adult","Yes"
"P1751","Crew","Male","Adult","Yes"
"P1752","Crew","Male","Adult","Yes"
"P1753","Crew","Male","Adult","Yes"
"P1754","Crew","Male","Adult","Yes"
"P1755","Crew","Male","Adult","Yes"
"P1756","Crew","Male","Adult","Yes"
"P1757","Crew","Male","Adult","Yes"
"P1758","Crew","Male","Adult","Yes"
"P1759","Crew","Male","Adult","Yes"
"P1760","Crew","Male","Adult","Yes"
"P1761","Crew","Male","Adult","Yes"
"P1762","Crew","Male","Adult","Yes"
"P1763","Crew","Male","Adult","Yes"
"P1764","Crew","Male","Adult","Yes"
"P1765","Crew","Male","Adult","Yes"
"P1766","Crew","Male","Adult","Yes"
"P1767","Crew","Male","Adult","Yes"
"P1768","Crew","Male","Adult","Yes"
"P1769","Crew","Male","Adult","Yes"
"P1770","Crew","Male","Adult","Yes"
"P1771","Crew","Male","Adult","Yes"
"P1772","Crew","Male","Adult","Yes"
"P1773","Crew","Male","Adult","Yes"
"P1774","Crew","Male","Adult","Yes"
"P1775","Crew","Male","Adult","Yes"
"P1776","Crew","Male","Adult","Yes"
"P1777","Crew","Male","Adult","Yes"
"P1778","Crew","Male","Adult","Yes"
"P1779","Crew","Male","Adult","Yes"
"P1780","Crew","Male","Adult","Yes"
"P1781","Crew","Male","Adult","Yes"
"P1782","Crew","Male","Adult","Yes"
"P1783","Crew","Male","Adult","Yes"
"P1784","Crew","Male","Adult","Yes"
"P1785","Crew","Male","Adult","Yes"
"P1786","Crew","Male","Adult","Yes"
"P1787","Crew","Male","Adult","Yes"
"P1788","Crew","Male","Adult","Yes"
"P1789","Crew","Male","Adult","Yes"
"P1790","Crew","Male","Adult","Yes"
"P1791","Crew","Male","Adult","Yes"
"P1792","Crew","Male","Adult","Yes"
"P1793","Crew","Male","Adult","Yes"
"P1794","Crew","Male","Adult","Yes"
"P1795","Crew","Male","Adult","Yes"
"P1796","Crew","Male","Adult","Yes"
"P1797","Crew","Male","Adult","Yes"
"P1798","Crew","Male","Adult","Yes"
"P1799","Crew","Male","Adult","Yes"
"P1800","Crew","Male","Adult","Yes"
"P1801","Crew","Male","Adult","Yes"
"P1802","Crew","Male","Adult","Yes"
"P1803","Crew","Male","Adult","Yes"
"P1804","Crew","Male","Adult","Yes"
"P1805","Crew","Male","Adult","Yes"
"P1806","Crew","Male","Adult","Yes"
"P1807","Crew","Male","Adult","Yes"
"P1808","Crew","Male","Adult","Yes"
"P1809","Crew","Male","Adult","Yes"
"P1810","Crew","Male","Adult","Yes"
"P1811","Crew","Male","Adult","Yes"
"P1812","Crew","Male","Adult","Yes"
"P1813","Crew","Male","Adult","Yes"
"P1814","Crew","Male","Adult","Yes"
"P1815","Crew","Male","Adult","Yes"
"P1816","Crew","Male","Adult","Yes"
"P1817","Crew","Male","Adult","Yes"
"P1818","Crew","Male","Adult","Yes"
"P1819","Crew","Male","Adult","Yes"
"P1820","Crew","Male","Adult","Yes"
"P1821","Crew","Male","Adult","Yes"
"P1822","Crew","Male","Adult","Yes"
"P1823","Crew","Male","Adult","Yes"
"P1824","Crew","Male","Adult","Yes"
"P1825","Crew","Male","Adult","Yes"
"P1826","Crew","Male","Adult","Yes"
"P1827","Crew","Male","Adult","Yes"
"P1828","Crew","Male","Adult","Yes"
"P1829","Crew","Male","Adult","Yes"
"P1830","Crew","Male","Adult","Yes"
"P1831","Crew","Male","Adult","Yes"
"P1832","Crew","Male","Adult","Yes"
"P1833","Crew","Male","Adult","Yes"
"P1834","Crew","Male","Adult","Yes"
"P1835","Crew","Male","Adult","Yes"
"P1836","Crew","Male","Adult","Yes"
"P1837","Crew","Male","Adult","Yes"
"P1838","Crew","Male","Adult","Yes"
"P1839","Crew","Male","Adult","Yes"
"P1840","Crew","Male","Adult","Yes"
"P1841","Crew","Male","Adult","Yes"
"P1842","Crew","Male","Adult","Yes"
"P1843","Crew","Male","Adult","Yes"
"P1844","Crew","Male","Adult","Yes"
"P1845","Crew","Male","Adult","Yes"
"P1846","Crew","Male","Adult","Yes"
"P1847","Crew","Male","Adult","Yes"
"P1848","Crew","Male","Adult","Yes"
"P1849","Crew","Male","Adult","Yes"
"P1850","Crew","Male","Adult","Yes"
"P1851","Crew","Male","Adult","Yes"
"P1852","Crew","Male","Adult","Yes"
"P1853","Crew","Male","Adult","Yes"
"P1854","Crew","Male","Adult","Yes"
"P1855","Crew","Male","Adult","Yes"
"P1856","Crew","Male","Adult","Yes"
"P1857","Crew","Male","Adult","Yes"
"P1858","Crew","Male","Adult","Yes"
"P1859","Crew","Male","Adult","Yes"
"P1860","Crew","Male","Adult","Yes"
"P1861","Crew","Male","Adult","Yes"
"P1862","Crew","Male","Adult","Yes"
"P1863","Crew","Male","Adult","Yes"
"P1864","Crew","Male","Adult","Yes"
"P1865","Crew","Male","Adult","Yes"
"P1866","Crew","Male","Adult","Yes"
"P1867","Crew","Male","Adult","Yes"
"P1868","Crew","Male","Adult","Yes"
"P1869","Crew","Male","Adult","Yes"
"P1870","Crew","Male","Adult","Yes"
"P1871","Crew","Male","Adult","Yes"
"P1872","Crew","Male","Adult","Yes"
"P1873","Crew","Male","Adult","Yes"
"P1874","Crew","Male","Adult","Yes"
"P1875","Crew","Male","Adult","Yes"
"P1876","Crew","Male","Adult","Yes"
"P1877","Crew","Male","Adult","Yes"
"P1878","Crew","Male","Adult","Yes"
"P1879","Crew","Male","Adult","Yes"
"P1880","Crew","Male","Adult","Yes"
"P1881","Crew","Male","Adult","Yes"
"P1882","Crew","Male","Adult","Yes"
"P1883","Crew","Male","Adult","Yes"
"P1884","Crew","Male","Adult","Yes"
"P1885","Crew","Male","Adult","Yes"
"P1886","1st","Female","Adult","Yes"
"P1887","1st","Female","Adult","Yes"
"P1888","1st","Female","Adult","Yes"
"P1889","1st","Female","Adult","Yes"
"P1890","1st","Female","Adult","Yes"
"P1891","1st","Female","Adult","Yes"
"P1892","1st","Female","Adult","Yes"
"P1893","1st","Female","Adult","Yes"
"P1894","1st","Female","Adult","Yes"
"P1895","1st","Female","Adult","Yes"
"P1896","1st","Female","Adult","Yes"
"P1897","1st","Female","Adult","Yes"
"P1898","1st","Female","Adult","Yes"
"P1899","1st","Female","Adult","Yes"
"P1900","1st","Female","Adult","Yes"
"P1901","1st","Female","Adult","Yes"
"P1902","1st","Female","Adult","Yes"
"P1903","1st","Female","Adult","Yes"
"P1904","1st","Female","Adult","Yes"
"P1905","1st","Female","Adult","Yes"
"P1906","1st","Female","Adult","Yes"
"P1907","1st","Female","Adult","Yes"
"P1908","1st","Female","Adult","Yes"
"P1909","1st","Female","Adult","Yes"
"P1910","1st","Female","Adult","Yes"
"P1911","1st","Female","Adult","Yes"
"P1912","1st","Female","Adult","Yes"
"P1913","1st","Female","Adult","Yes"
"P1914","1st","Female","Adult","Yes"
"P1915","1st","Female","Adult","Yes"
"P1916","1st","Female","Adult","Yes"
"P1917","1st","Female","Adult","Yes"
"P1918","1st","Female","Adult","Yes"
"P1919","1st","Female","Adult","Yes"
"P1920","1st","Female","Adult","Yes"
"P1921","1st","Female","Adult","Yes"
"P1922","1st","Female","Adult","Yes"
"P1923","1st","Female","Adult","Yes"
"P1924","1st","Female","Adult","Yes"
"P1925","1st","Female","Adult","Yes"
"P1926","1st","Female","Adult","Yes"
"P1927","1st","Female","Adult","Yes"
"P1928","1st","Female","Adult","Yes"
"P1929","1st","Female","Adult","Yes"
"P1930","1st","Female","Adult","Yes"
"P1931","1st","Female","Adult","Yes"
"P1932","1st","Female","Adult","Yes"
"P1933","1st","Female","Adult","Yes"
"P1934","1st","Female","Adult","Yes"
"P1935","1st","Female","Adult","Yes"
"P1936","1st","Female","Adult","Yes"
"P1937","1st","Female","Adult","Yes"
"P1938","1st","Female","Adult","Yes"
"P1939","1st","Female","Adult","Yes"
"P1940","1st","Female","Adult","Yes"
"P1941","1st","Female","Adult","Yes"
"P1942","1st","Female","Adult","Yes"
"P1943","1st","Female","Adult","Yes"
"P1944","1st","Female","Adult","Yes"
"P1945","1st","Female","Adult","Yes"
"P1946","1st","Female","Adult","Yes"
"P1947","1st","Female","Adult","Yes"
"P1948","1st","Female","Adult","Yes"
"P1949","1st","Female","Adult","Yes"
"P1950","1st","Female","Adult","Yes"
"P1951","1st","Female","Adult","Yes"
"P1952","1st","Female","Adult","Yes"
"P1953","1st","Female","Adult","Yes"
"P1954","1st","Female","Adult","Yes"
"P1955","1st","Female","Adult","Yes"
"P1956","1st","Female","Adult","Yes"
"P1957","1st","Female","Adult","Yes"
"P1958","1st","Female","Adult","Yes"
"P1959","1st","Female","Adult","Yes"
"P1960","1st","Female","Adult","Yes"
"P1961","1st","Female","Adult","Yes"
"P1962","1st","Female","Adult","Yes"
"P1963","1st","Female","Adult","Yes"
"P1964","1st","Female","Adult","Yes"
"P1965","1st","Female","Adult","Yes"
"P1966","1st","Female","Adult","Yes"
"P1967","1st","Female","Adult","Yes"
"P1968","1st","Female","Adult","Yes"
"P1969","1st","Female","Adult","Yes"
"P1970","1st","Female","Adult","Yes"
"P1971","1st","Female","Adult","Yes"
"P1972","1st","Female","Adult","Yes"
"P1973","1st","Female","Adult","Yes"
"P1974","1st","Female","Adult","Yes"
"P1975","1st","Female","Adult","Yes"
"P1976","1st","Female","Adult","Yes"
"P1977","1st","Female","Adult","Yes"
"P1978","1st","Female","Adult","Yes"
"P1979","1st","Female","Adult","Yes"
"P1980","1st","Female","Adult","Yes"
"P1981","1st","Female","Adult","Yes"
"P1982","1st","Female","Adult","Yes"
"P1983","1st","Female","Adult","Yes"
"P1984","1st","Female","Adult","Yes"
"P1985","1st","Female","Adult","Yes"
"P1986","1st","Female","Adult","Yes"
"P1987","1st","Female","Adult","Yes"
"P1988","1st","Female","Adult","Yes"
"P1989","1st","Female","Adult","Yes"
"P1990","1st","Female","Adult","Yes"
"P1991","1st","Female","Adult","Yes"
"P1992","1st","Female","Adult","Yes"
"P1993","1st","Female","Adult","Yes"
"P1994","1st","Female","Adult","Yes"
"P1995","1st","Female","Adult","Yes"
"P1996","1st","Female","Adult","Yes"
"P1997","1st","Female","Adult","Yes"
"P1998","1st","Female","Adult","Yes"
"P1999","1st","Female","Adult","Yes"
"P2000","1st","Female","Adult","Yes"
"P2001","1st","Female","Adult","Yes"
"P2002","1st","Female","Adult","Yes"
"P2003","1st","Female","Adult","Yes"
"P2004","1st","Female","Adult","Yes"
"P2005","1st","Female","Adult","Yes"
"P2006","1st","Female","Adult","Yes"
"P2007","1st","Female","Adult","Yes"
"P2008","1st","Female","Adult","Yes"
"P2009","1st","Female","Adult","Yes"
"P2010","1st","Female","Adult","Yes"
"P2011","1st","Female","Adult","Yes"
"P2012","1st","Female","Adult","Yes"
"P2013","1st","Female","Adult","Yes"
"P2014","1st","Female","Adult","Yes"
"P2015","1st","Female","Adult","Yes"
"P2016","1st","Female","Adult","Yes"
"P2017","1st","Female","Adult","Yes"
"P2018","1st","Female","Adult","Yes"
"P2019","1st","Female","Adult","Yes"
"P2020","1st","Female","Adult","Yes"
"P2021","1st","Female","Adult","Yes"
"P2022","1st","Female","Adult","Yes"
"P2023","1st","Female","Adult","Yes"
"P2024","1st","Female","Adult","Yes"
"P2025","1st","Female","Adult","Yes"
"P2026","2nd","Female","Adult","Yes"
"P2027","2nd","Female","Adult","Yes"
"P2028","2nd","Female","Adult","Yes"
"P2029","2nd","Female","Adult","Yes"
"P2030","2nd","Female","Adult","Yes"
"P2031","2nd","Female","Adult","Yes"
"P2032","2nd","Female","Adult","Yes"
"P2033","2nd","Female","Adult","Yes"
"P2034","2nd","Female","Adult","Yes"
"P2035","2nd","Female","Adult","Yes"
"P2036","2nd","Female","Adult","Yes"
"P2037","2nd","Female","Adult","Yes"
"P2038","2nd","Female","Adult","Yes"
"P2039","2nd","Female","Adult","Yes"
"P2040","2nd","Female","Adult","Yes"
"P2041","2nd","Female","Adult","Yes"
"P2042","2nd","Female","Adult","Yes"
"P2043","2nd","Female","Adult","Yes"
"P2044","2nd","Female","Adult","Yes"
"P2045","2nd","Female","Adult","Yes"
"P2046","2nd","Female","Adult","Yes"
"P2047","2nd","Female","Adult","Yes"
"P2048","2nd","Female","Adult","Yes"
"P2049","2nd","Female","Adult","Yes"
"P2050","2nd","Female","Adult","Yes"
"P2051","2nd","Female","Adult","Yes"
"P2052","2nd","Female","Adult","Yes"
"P2053","2nd","Female","Adult","Yes"
"P2054","2nd","Female","Adult","Yes"
"P2055","2nd","Female","Adult","Yes"
"P2056","2nd","Female","Adult","Yes"
"P2057","2nd","Female","Adult","Yes"
"P2058","2nd","Female","Adult","Yes"
"P2059","2nd","Female","Adult","Yes"
"P2060","2nd","Female","Adult","Yes"
"P2061","2nd","Female","Adult","Yes"
"P2062","2nd","Female","Adult","Yes"
"P2063","2nd","Female","Adult","Yes"
"P2064","2nd","Female","Adult","Yes"
"P2065","2nd","Female","Adult","Yes"
"P2066","2nd","Female","Adult","Yes"
"P2067","2nd","Female","Adult","Yes"
"P2068","2nd","Female","Adult","Yes"
"P2069","2nd","Female","Adult","Yes"
"P2070","2nd","Female","Adult","Yes"
"P2071","2nd","Female","Adult","Yes"
"P2072","2nd","Female","Adult","Yes"
"P2073","2nd","Female","Adult","Yes"
"P2074","2nd","Female","Adult","Yes"
"P2075","2nd","Female","Adult","Yes"
"P2076","2nd","Female","Adult","Yes"
"P2077","2nd","Female","Adult","Yes"
"P2078","2nd","Female","Adult","Yes"
"P2079","2nd","Female","Adult","Yes"
"P2080","2nd","Female","Adult","Yes"
"P2081","2nd","Female","Adult","Yes"
"P2082","2nd","Female","Adult","Yes"
"P2083","2nd","Female","Adult","Yes"
"P2084","2nd","Female","Adult","Yes"
"P2085","2nd","Female","Adult","Yes"
"P2086","2nd","Female","Adult","Yes"
"P2087","2nd","Female","Adult","Yes"
"P2088","2nd","Female","Adult","Yes"
"P2089","2nd","Female","Adult","Yes"
"P2090","2nd","Female","Adult","Yes"
"P2091","2nd","Female","Adult","Yes"
"P2092","2nd","Female","Adult","Yes"
"P2093","2nd","Female","Adult","Yes"
"P2094","2nd","Female","Adult","Yes"
"P2095","2nd","Female","Adult","Yes"
"P2096","2nd","Female","Adult","Yes"
"P2097","2nd","Female","Adult","Yes"
"P2098","2nd","Female","Adult","Yes"
"P2099","2nd","Female","Adult","Yes"
"P2100","2nd","Female","Adult","Yes"
"P2101","2nd","Female","Adult","Yes"
"P2102","2nd","Female","Adult","Yes"
"P2103","2nd","Female","Adult","Yes"
"P2104","2nd","Female","Adult","Yes"
"P2105","2nd","Female","Adult","Yes"
"P2106","3rd","Female","Adult","Yes"
"P2107","3rd","Female","Adult","Yes"
"P2108","3rd","Female","Adult","Yes"
"P2109","3rd","Female","Adult","Yes"
"P2110","3rd","Female","Adult","Yes"
"P2111","3rd","Female","Adult","Yes"
"P2112","3rd","Female","Adult","Yes"
"P2113","3rd","Female","Adult","Yes"
"P2114","3rd","Female","Adult","Yes"
"P2115","3rd","Female","Adult","Yes"
"P2116","3rd","Female","Adult","Yes"
"P2117","3rd","Female","Adult","Yes"
"P2118","3rd","Female","Adult","Yes"
"P2119","3rd","Female","Adult","Yes"
"P2120","3rd","Female","Adult","Yes"
"P2121","3rd","Female","Adult","Yes"
"P2122","3rd","Female","Adult","Yes"
"P2123","3rd","Female","Adult","Yes"
"P2124","3rd","Female","Adult","Yes"
"P2125","3rd","Female","Adult","Yes"
"P2126","3rd","Female","Adult","Yes"
"P2127","3rd","Female","Adult","Yes"
"P2128","3rd","Female","Adult","Yes"
"P2129","3rd","Female","Adult","Yes"
"P2130","3rd","Female","Adult","Yes"
"P2131","3rd","Female","Adult","Yes"
"P2132","3rd","Female","Adult","Yes"
"P2133","3rd","Female","Adult","Yes"
"P2134","3rd","Female","Adult","Yes"
"P2135","3rd","Female","Adult","Yes"
"P2136","3rd","Female","Adult","Yes"
"P2137","3rd","Female","Adult","Yes"
"P2138","3rd","Female","Adult","Yes"
"P2139","3rd","Female","Adult","Yes"
"P2140","3rd","Female","Adult","Yes"
"P2141","3rd","Female","Adult","Yes"
"P2142","3rd","Female","Adult","Yes"
"P2143","3rd","Female","Adult","Yes"
"P2144","3rd","Female","Adult","Yes"
"P2145","3rd","Female","Adult","Yes"
"P2146","3rd","Female","Adult","Yes"
"P2147","3rd","Female","Adult","Yes"
"P2148","3rd","Female","Adult","Yes"
"P2149","3rd","Female","Adult","Yes"
"P2150","3rd","Female","Adult","Yes"
"P2151","3rd","Female","Adult","Yes"
"P2152","3rd","Female","Adult","Yes"
"P2153","3rd","Female","Adult","Yes"
"P2154","3rd","Female","Adult","Yes"
"P2155","3rd","Female","Adult","Yes"
"P2156","3rd","Female","Adult","Yes"
"P2157","3rd","Female","Adult","Yes"
"P2158","3rd","Female","Adult","Yes"
"P2159","3rd","Female","Adult","Yes"
"P2160","3rd","Female","Adult","Yes"
"P2161","3rd","Female","Adult","Yes"
"P2162","3rd","Female","Adult","Yes"
"P2163","3rd","Female","Adult","Yes"
"P2164","3rd","Female","Adult","Yes"
"P2165","3rd","Female","Adult","Yes"
"P2166","3rd","Female","Adult","Yes"
"P2167","3rd","Female","Adult","Yes"
"P2168","3rd","Female","Adult","Yes"
"P2169","3rd","Female","Adult","Yes"
"P2170","3rd","Female","Adult","Yes"
"P2171","3rd","Female","Adult","Yes"
"P2172","3rd","Female","Adult","Yes"
"P2173","3rd","Female","Adult","Yes"
"P2174","3rd","Female","Adult","Yes"
"P2175","3rd","Female","Adult","Yes"
"P2176","3rd","Female","Adult","Yes"
"P2177","3rd","Female","Adult","Yes"
"P2178","3rd","Female","Adult","Yes"
"P2179","3rd","Female","Adult","Yes"
"P2180","3rd","Female","Adult","Yes"
"P2181","3rd","Female","Adult","Yes"
"P2182","Crew","Female","Adult","Yes"
"P2183","Crew","Female","Adult","Yes"
"P2184","Crew","Female","Adult","Yes"
"P2185","Crew","Female","Adult","Yes"
"P2186","Crew","Female","Adult","Yes"
"P2187","Crew","Female","Adult","Yes"
"P2188","Crew","Female","Adult","Yes"
"P2189","Crew","Female","Adult","Yes"
"P2190","Crew","Female","Adult","Yes"
"P2191","Crew","Female","Adult","Yes"
"P2192","Crew","Female","Adult","Yes"
"P2193","Crew","Female","Adult","Yes"
"P2194","Crew","Female","Adult","Yes"
"P2195","Crew","Female","Adult","Yes"
"P2196","Crew","Female","Adult","Yes"
"P2197","Crew","Female","Adult","Yes"
"P2198","Crew","Female","Adult","Yes"
"P2199","Crew","Female","Adult","Yes"
"P2200","Crew","Female","Adult","Yes"
"P2201","Crew","Female","Adult","Yes"
