"len","supp","dose","dose_group"
4.2,"VC",0.5,"0.5 mg"
11.5,"VC",0.5,"0.5 mg"
7.3,"VC",0.5,"0.5 mg"
5.8,"VC",0.5,"0.5 mg"
6.4,"VC",0.5,"0.5 mg"
10,"VC",0.5,"0.5 mg"
11.2,"VC",0.5,"0.5 mg"
11.2,"VC",0.5,"0.5 mg"
5.2,"VC",0.5,"0.5 mg"
7,"VC",0.5,"0.5 mg"
16.5,"VC",1,"1 mg"
16.5,"VC",1,"1 mg"
15.2,"VC",1,"1 mg"
17.3,"VC",1,"1 mg"
22.5,"VC",1,"1 mg"
17.3,"VC",1,"1 mg"
13.6,"VC",1,"1 mg"
14.5,"VC",1,"1 mg"
18.8,"VC",1,"1 mg"
15.5,"VC",1,"1 mg"
23.6,"VC",2,"2 mg"
18.5,"VC",2,"2 mg"
33.9,"VC",2,"2 mg"
25.5,"VC",2,"2 mg"
26.4,"VC",2,"2 mg"
32.5,"VC",2,"2 mg"
26.7,"VC",2,"2 mg"
21.5,"VC",2,"2 mg"
23.3,"VC",2,"2 mg"
29.5,"VC",2,"2 mg"
15.2,"OJ",0.5,"0.5 mg"
21.5,"OJ",0.5,"0.5 mg"
17.6,"OJ",0.5,"0.5 mg"
9.7,"OJ",0.5,"0.5 mg"
14.5,"OJ",0.5,"0.5 mg"
10,"OJ",0.5,"0.5 mg"
8.2,"OJ",0.5,"0.5 mg"
9.4,"OJ",0.5,"0.5 mg"
16.5,"OJ",0.5,"0.5 mg"
9.7,"OJ",0.5,"0.5 mg"
19.7,"OJ",1,"1 mg"
23.3,"OJ",1,"1 mg"
23.6,"OJ",1,"1 mg"
26.4,"OJ",1,"1 mg"
20,"OJ",1,"1 mg"
25.2,"OJ",1,"1 mg"
25.8,"OJ",1,"1 mg"
21.2,"OJ",1,"1 mg"
14.5,"OJ",1,"1 mg"
27.3,"OJ",1,"1 mg"
25.5,"OJ",2,"2 mg"
26.4,"OJ",2,"2 mg"
22.4,"OJ",2,"2 mg"
24.5,"OJ",2,"2 mg"
24.8,"OJ",2,"2 mg"
30.9,"OJ",2,"2 mg"
26.4,"OJ",2,"2 mg"
27.3,"OJ",2,"2 mg"
29.4,"OJ",2,"2 mg"
23,"OJ",2,"2 mg"
