"id","variable","description"
"mtcars","car","Vehicle model identifier."
"mtcars","mpg","Fuel economy in miles per US gallon."
"mtcars","cyl","Number of engine cylinders."
"mtcars","disp","Engine displacement in cubic inches."
"mtcars","hp","Gross horsepower."
"mtcars","drat","Rear axle ratio."
"mtcars","wt","Vehicle weight in thousands of pounds."
"mtcars","qsec","Quarter-mile time in seconds."
"mtcars","vs","Engine shape code: 0 = V-shaped, 1 = straight."
"mtcars","am","Transmission code: 0 = automatic, 1 = manual."
"mtcars","gear","Number of forward gears."
"mtcars","carb","Number of carburetors."
"anscombe","set","Quartet member (1-4)."
"anscombe","observation","Observation number within the quartet member."
"anscombe","x","Predictor value for the selected quartet member."
"anscombe","y","Outcome value for the selected quartet member."
"airquality","date","Calendar date in 1973."
"airquality","Month","Month number (May through September)."
"airquality","Day","Day of month."
"airquality","Ozone","Mean ozone concentration in parts per billion."
"airquality","Solar.R","Solar radiation in langleys."
"airquality","Wind","Mean wind speed in miles per hour."
"airquality","Temp","Maximum daily temperature in degrees Fahrenheit."
"chickweight","weight","Body weight of the chick in grams."
"chickweight","Time","Days since birth at measurement."
"chickweight","Chick","Unique chick identifier; repeated observations with the same value form one growth trajectory."
"chickweight","Diet","Experimental protein diet assigned to the chick (four groups)."
"iris","specimen","Specimen identifier added for linked selection."
"iris","Sepal.Length","Sepal length in centimetres."
"iris","Sepal.Width","Sepal width in centimetres."
"iris","Petal.Length","Petal length in centimetres."
"iris","Petal.Width","Petal width in centimetres."
"iris","Species","Iris species: setosa, versicolor, or virginica."
"sleep_paired","participant","Participant identifier for paired measurements."
"sleep_paired","extra_drug_1","Increase in sleep, in hours, under drug 1."
"sleep_paired","extra_drug_2","Increase in sleep, in hours, under drug 2."
"sleep_paired","paired_difference","Drug 2 minus drug 1 increase in sleep for the same participant."
"toothgrowth","len","Tooth length response."
"toothgrowth","supp","Vitamin C delivery method: orange juice or ascorbic acid."
"toothgrowth","dose","Vitamin C dose in milligrams per day."
"toothgrowth","dose_group","Categorical label for the vitamin C dose."
"usarrests","state","US state identifier."
"usarrests","Murder","Murder and non-negligent manslaughter arrests per 100,000 residents."
"usarrests","Assault","Assault arrests per 100,000 residents."
"usarrests","UrbanPop","Percentage of the population living in urban areas."
"usarrests","Rape","Rape arrests per 100,000 residents."
"warpbreaks","breaks","Number of warp-thread breaks per loom."
"warpbreaks","wool","Wool type (A or B)."
"warpbreaks","tension","Loom tension level (low, medium, or high)."
"titanic","passenger","Synthetic passenger-row identifier added when expanding the published frequency table."
"titanic","Class","Passenger class: first, second, third, or crew."
"titanic","Sex","Recorded sex."
"titanic","Age","Age group: child or adult."
"titanic","Survived","Whether the passenger survived."
"school_absence","ethnicity","Ethnic background classification: Aboriginal or non-Aboriginal."
"school_absence","sex","Recorded sex."
"school_absence","age_group","School form or primary-school age group."
"school_absence","learner","Learner status: average or slow learner."
"school_absence","days_absent","Number of days absent during the school year."
"insurance_claims","district","District of residence; category 4 denotes major cities."
"insurance_claims","car_group","Ordered car-engine-size group."
"insurance_claims","age_group","Ordered age group of the insured."
"insurance_claims","holders","Number of policyholders exposed to risk."
"insurance_claims","claims","Number of insurance claims."
"insurance_claims","log_holders","Natural log of exposed policyholders, supplied as the Poisson-model offset."
"gasoline_yield","yield","Proportion of crude oil converted to gasoline."
"gasoline_yield","gravity","Crude-oil gravity in degrees API."
"gasoline_yield","pressure","Crude-oil vapour pressure in pounds-force per square inch."
"gasoline_yield","temp10","Temperature in degrees Fahrenheit when 10% of the crude oil has vaporized."
"gasoline_yield","temp","Temperature in degrees Fahrenheit when all gasoline has vaporized."
"gasoline_yield","batch","Identifier for a unique set of controlled crude-oil conditions."
"theoph","subject","Subject identifier for repeated concentration measurements."
"theoph","weight_kg","Subject body weight in kilograms."
"theoph","dose_mg_per_kg","Oral dose in milligrams per kilogram."
"theoph","time_hours","Hours since the oral dose."
"theoph","concentration_mg_l","Theophylline concentration in milligrams per litre."
"bfi","A1","Am indifferent to the feelings of others."
"bfi","A2","Inquire about others' well-being."
"bfi","A3","Know how to comfort others."
"bfi","A4","Love children."
"bfi","A5","Make people feel at ease."
"bfi","C1","Am exacting in my work."
"bfi","C2","Continue until everything is perfect."
"bfi","C3","Do things according to a plan."
"bfi","C4","Do things in a half-way manner."
"bfi","C5","Waste my time."
"bfi","E1","Don't talk a lot."
"bfi","E2","Find it difficult to approach others."
"bfi","E3","Know how to captivate people."
"bfi","E4","Make friends easily."
"bfi","E5","Take charge."
"bfi","N1","Get angry easily."
"bfi","N2","Get irritated easily."
"bfi","N3","Have frequent mood swings."
"bfi","N4","Often feel blue."
"bfi","N5","Panic easily."
"bfi","O1","Am full of ideas."
"bfi","O2","Avoid difficult reading material."
"bfi","O3","Carry the conversation to a higher level."
"bfi","O4","Spend time reflecting on things."
"bfi","O5","Will not probe deeply into a subject."
"bfi","gender","Recorded gender code: 1 = male, 2 = female."
"bfi","education","Education code from 1 (high school) to 5 (graduate degree)."
"bfi","age","Age in years."
"nhanes_missing","age","Age group: 20-39, 40-59, or 60 years and over."
"nhanes_missing","bmi","Body mass index in kilograms per square metre."
"nhanes_missing","hyp","Hypertension indicator: no or yes."
"nhanes_missing","chl","Total serum cholesterol in milligrams per decilitre."
"nhanes_mice","age","Age group: 20-39, 40-59, or 60 years and over."
"nhanes_mice","bmi","Body mass index in kilograms per square metre."
"nhanes_mice","hyp","Hypertension indicator: no or yes."
"nhanes_mice","chl","Total serum cholesterol in milligrams per decilitre."
