"city","region","city_size","coastal","apartment_price_eur_m2","monthly_rent_eur","median_net_salary_eur","safety_index_0_100","healthcare_index_0_100","public_transport_index_0_100","green_space_pct","air_quality_index_0_100","commute_minutes","life_satisfaction_0_10"
"Valencia","Europe","medium","yes",3100,1050,2100,78,82,76,18,78,29,7.8
"Lisbon","Europe","large","yes",4700,1450,2050,76,79,74,16,74,31,7.5
"Barcelona","Europe","large","yes",5200,1600,2450,71,84,85,14,70,34,7.3
"Paris","Europe","megacity","no",9100,2350,3400,65,88,94,17,68,43,7
"Berlin","Europe","large","no",5900,1550,3300,73,86,91,24,76,38,7.4
"Copenhagen","Europe","medium","yes",7200,1950,4200,84,91,88,26,88,32,8.2
"London","Europe","megacity","no",10500,2700,3900,66,85,93,20,71,47,7.1
"New York","North America","megacity","yes",11800,3200,5100,58,80,89,13,62,51,6.8
"Toronto","North America","large","yes",6800,1950,3900,79,87,82,27,80,40,7.9
"Mexico City","Latin America","megacity","no",2400,850,1250,55,69,78,15,55,48,6.9
"Sao Paulo","Latin America","megacity","no",2100,760,1050,50,66,75,12,51,52,6.5
"Buenos Aires","Latin America","large","yes",,700,900,62,72,72,19,67,45,7.2
"Cape Town","Africa","large","yes",2300,820,1350,53,68,67,21,73,39,7
"Nairobi","Africa","large","no",1400,540,720,57,,61,14,49,46,6.6
"Cairo","Africa","megacity","no",1200,430,520,60,61,70,10,42,50,6.3
"Istanbul","Middle East","megacity","yes",3300,920,1250,64,73,84,13,58,44,6.8
"Tokyo","Asia","megacity","yes",9800,2150,4100,88,92,96,18,75,42,7.7
"Seoul","Asia","megacity","yes",8600,1800,3600,82,90,95,16,66,49,7.5
"Singapore","Asia","large","yes",11200,2550,4300,91,89,90,22,86,36,8.1
"Bangkok","Asia","megacity","no",2600,,1150,68,71,86,17,54,47,7
"Mumbai","Asia","megacity","yes",1900,620,,59,63,80,11,,56,6.4
"Sydney","Oceania","large","yes",9000,2250,4200,83,88,79,29,82,37,8
"Auckland","Oceania","medium","yes",,1750,3500,86,86,73,31,90,,8.3
"Dubai","Middle East","large","yes",6100,1900,3800,89,81,77,15,60,41,
