"alien_id","planet","humans_eaten","size","eggs","happy","blue_eyes","pink_eyes"
"A001","Aurelia",1,50.4,0,"no",4,8
"A002","Borealis",1,54.5,0,"no",1,1
"A003","Cygnus",1,48.7,0,"no",0,9
"A004","Aurelia",1,55.2,1,"no",2,3
"A005","Borealis",2,57.4,0,"no",1,1
"A006","Cygnus",2,58.3,0,"no",2,8
"A007","Aurelia",3,55.8,1,"yes",1,3
"A008","Borealis",3,53.2,0,"no",6,6
"A009","Cygnus",3,46.3,0,"yes",5,5
"A010","Aurelia",3,56.2,3,"no",3,3
"A011","Borealis",3,56.5,1,"no",4,3
"A012","Cygnus",4,52.1,0,"no",7,5
"A013","Aurelia",5,54.9,1,"no",3,4
"A014","Borealis",6,55.6,0,"no",5,2
"A015","Cygnus",6,67.1,1,"no",2,0
"A016","Aurelia",6,65,1,"no",9,2
"A017","Borealis",6,54.8,0,"yes",4,0
"A018","Cygnus",6,65.8,2,"no",2,0
"A019","Aurelia",6,62.4,3,"no",0,1
"A020","Borealis",6,66.3,0,"no",6,3
"A021","Cygnus",7,51.2,0,"no",1,1
"A022","Aurelia",7,60.6,1,"no",5,2
"A023","Borealis",8,62.9,3,"no",7,2
"A024","Cygnus",9,64.9,2,"no",5,0
"A025","Aurelia",9,55.1,2,"no",10,0
"A026","Borealis",10,64.1,1,"yes",4,0
"A027","Cygnus",10,67.1,1,"yes",1,0
"A028","Aurelia",10,64.9,0,"no",2,0
"A029","Borealis",10,68.7,5,"no",1,0
"A030","Cygnus",11,74.9,1,"no",7,1
"A031","Aurelia",12,66.2,1,"no",12,0
"A032","Borealis",12,61,1,"yes",12,0
"A033","Cygnus",12,70.9,0,"yes",7,1
"A034","Aurelia",12,75.2,1,"yes",3,0
"A035","Borealis",13,67.3,0,"yes",3,0
"A036","Cygnus",13,72.3,2,"yes",1,0
"A037","Aurelia",13,66.6,1,"no",4,0
"A038","Borealis",13,68.4,2,"yes",12,0
"A039","Cygnus",13,64.6,1,"no",11,0
"A040","Aurelia",13,66.8,4,"no",7,0
"A041","Borealis",13,72.3,0,"yes",3,0
"A042","Cygnus",13,67.7,0,"yes",4,0
"A043","Aurelia",14,71.5,0,"yes",3,0
"A044","Borealis",14,68.9,2,"yes",6,0
"A045","Cygnus",14,65.8,2,"yes",9,0
"A046","Aurelia",15,74.2,4,"yes",10,0
"A047","Borealis",15,70.1,1,"no",3,0
"A048","Cygnus",15,69.8,5,"yes",12,0
"A049","Aurelia",15,76.1,4,"yes",9,1
"A050","Borealis",15,66.4,3,"yes",7,0
"A051","Cygnus",16,75,0,"no",8,0
"A052","Aurelia",17,66.2,2,"yes",9,0
"A053","Borealis",18,75,0,"yes",11,0
"A054","Cygnus",18,72.3,2,"yes",3,0
"A055","Aurelia",18,70.9,1,"yes",9,0
"A056","Borealis",18,85.1,0,"yes",4,0
"A057","Cygnus",18,79.5,2,"yes",3,0
"A058","Aurelia",19,75.4,2,"yes",9,0
"A059","Borealis",19,81.1,1,"yes",10,0
"A060","Cygnus",19,80.2,4,"yes",3,0
